Artist,Track,Album,Album_type,Danceability,Energy,Loudness,Speechiness,Acousticness,Instrumentalness,Liveness,Valence,Tempo,Duration_min,Title,Channels,Views,Likes,Comments,Licensed,official_video,Stream,EnergyLiveness,most_playedon
Gorillaz,"Feel Good Inc.","Demon Days",album,0.818,0.705,-6.679,0.177,0.00836,0.00233,0.613,0.772,138.559,3.710666667,"Gorillaz - Feel Good Inc. (Official Video)",Gorillaz,693555221,6220896,169907,TRUE,TRUE,1040234854,1.150081566,Spotify
Gorillaz,"Rhinestone Eyes","Plastic Beach",album,0.676,0.703,-5.815,0.0302,0.0869,0.000687,0.0463,0.852,92.761,3.336216667,"Gorillaz - Rhinestone Eyes [Storyboard Film] (Official Music Video)",Gorillaz,72011645,1079128,31003,TRUE,TRUE,310083733,15.18358531,Spotify
Gorillaz,"New Gold (feat. Tame Impala and Bootie Brown)","New Gold (feat. Tame Impala and Bootie Brown)",single,0.695,0.923,-3.93,0.0522,0.0425,0.0469,0.116,0.551,108.014,3.585833333,"Gorillaz - New Gold ft. Tame Impala & Bootie Brown (Official Visualiser)",Gorillaz,8435055,282142,7399,TRUE,TRUE,63063467,7.956896552,Spotify
Gorillaz,"On Melancholy Hill","Plastic Beach",album,0.689,0.739,-5.81,0.026,0.0000151,0.509,0.064,0.578,120.423,3.897783333,"Gorillaz - On Melancholy Hill (Official Video)",Gorillaz,211754952,1788577,55229,TRUE,TRUE,434663559,11.546875,Spotify
Gorillaz,"Clint Eastwood",Gorillaz,album,0.663,0.694,-8.627,0.171,0.0253,0,0.0698,0.525,167.953,5.682,"Gorillaz - Clint Eastwood (Official Video)",Gorillaz,618480958,6197318,155930,TRUE,TRUE,617259738,9.94269341,Youtube
Gorillaz,DARE,"Demon Days",album,0.76,0.891,-5.852,0.0372,0.0229,0.0869,0.298,0.966,120.264,4.083333333,"Gorillaz - DARE (Official Video)",Gorillaz,259021161,1844658,72008,TRUE,TRUE,323850327,2.989932886,Spotify
Gorillaz,"New Gold (feat. Tame Impala and Bootie Brown) - Dom Dolla Remix","New Gold (feat. Tame Impala and Bootie Brown) [Dom Dolla Remix]",single,0.716,0.897,-7.185,0.0629,0.012,0.262,0.325,0.358,127.03,4.569033333,"Gorillaz - New Gold ft. Tame Impala, Bootie Brown (Dom Dolla Remix) (Official Live Video)","Dom Dolla",451996,11686,241,FALSE,TRUE,10666154,2.76,Spotify
Gorillaz,"She's My Collar (feat. Kali Uchis)","Humanz (Deluxe)",album,0.726,0.815,-5.886,0.0313,0.00799,0.081,0.112,0.462,140.158,3.492666667,"Gorillaz - She's My Collar [HQ]",SalvaMuÃ±ox,1010982,17675,260,FALSE,FALSE,159605929,7.276785714,Spotify
Gorillaz,"Cracker Island (feat. Thundercat)","Cracker Island (feat. Thundercat)",single,0.741,0.913,-3.34,0.0465,0.00343,0.103,0.325,0.643,120.012,3.5625,"Gorillaz - Cracker Island ft. Thundercat (Official Video)",Gorillaz,24459820,739527,20296,TRUE,TRUE,42671901,2.809230769,Spotify
Gorillaz,"Dirty Harry","Demon Days",album,0.625,0.877,-7.176,0.162,0.0315,0.0811,0.672,0.865,192.296,3.840433333,"Gorillaz - Dirty Harry (Official Video)",Gorillaz,154761056,1386920,39240,TRUE,TRUE,191074713,1.305059524,Spotify
"Red Hot Chili Peppers",Californication,"Californication (Deluxe Edition)",album,0.592,0.767,-2.788,0.027,0.0021,0.00165,0.127,0.328,96.483,5.49555,"Red Hot Chili Peppers - Californication (Official Music Video) [HD UPGRADE]","Red Hot Chili Peppers",1018811259,4394471,121452,TRUE,TRUE,1055738398,6.039370079,Spotify
"Red Hot Chili Peppers","Under the Bridge","Blood Sugar Sex Magik (Deluxe Edition)",album,0.559,0.345,-13.496,0.0459,0.0576,0.000105,0.141,0.458,84.581,4.405116667,"Red Hot Chili Peppers - Under The Bridge [Official Music Video]","Red Hot Chili Peppers",246687714,1213572,32761,TRUE,TRUE,1061750522,2.446808511,Spotify
"Red Hot Chili Peppers","Can't Stop","By the Way (Deluxe Edition)",album,0.618,0.938,-3.442,0.0456,0.0179,0,0.167,0.875,91.455,4.483333333,"Red Hot Chili Peppers - Can't Stop [Official Music Video]","Red Hot Chili Peppers",336635759,1740224,32573,TRUE,TRUE,866464951,5.616766467,Spotify
"Red Hot Chili Peppers","Scar Tissue","Californication (Deluxe Edition)",album,0.595,0.717,-4.803,0.0295,0.0779,0.00274,0.108,0.547,88.969,3.59845,"Red Hot Chili Peppers - Scar Tissue [Official Music Video]","Red Hot Chili Peppers",435121530,1890900,37069,TRUE,TRUE,613838674,6.638888889,Spotify
"Red Hot Chili Peppers",Otherside,"Californication (Deluxe Edition)",album,0.458,0.795,-3.265,0.0574,0.00316,0.000202,0.0756,0.513,123.229,4.256216667,"Red Hot Chili Peppers - Otherside [Official Music Video]","Red Hot Chili Peppers",673528656,3140356,60091,TRUE,TRUE,732774515,10.51587302,Spotify
"Red Hot Chili Peppers","Snow (Hey Oh)","Stadium Arcadium",album,0.427,0.9,-3.674,0.0499,0.116,0.0000175,0.119,0.599,104.655,5.577783333,"Red Hot Chili Peppers - Snow (Hey Oh) (Official Music Video)","Red Hot Chili Peppers",320871237,1272266,37004,TRUE,TRUE,860722316,7.56302521,Spotify
"Red Hot Chili Peppers","Dani California","Stadium Arcadium",album,0.556,0.913,-2.36,0.0437,0.0193,0.00000859,0.346,0.73,96.184,4.702666667,"Red Hot Chili Peppers - Dani California [Official Music Video]","Red Hot Chili Peppers",324228662,1456622,49461,TRUE,TRUE,550067391,2.638728324,Spotify
"Red Hot Chili Peppers","By the Way","By the Way (Deluxe Edition)",album,0.451,0.97,-4.938,0.107,0.0264,0.00355,0.102,0.198,122.444,3.61555,"Red Hot Chili Peppers - By The Way [Official Music Video]","Red Hot Chili Peppers",179005296,784717,20084,TRUE,TRUE,367485508,9.509803922,Spotify
"Red Hot Chili Peppers","Give It Away","Blood Sugar Sex Magik (Deluxe Edition)",album,0.666,0.936,-9.919,0.0476,0.00244,0.086,0.153,0.776,91.577,4.715116667,"Red Hot Chili Peppers - Give It Away [Official Music Video]","Red Hot Chili Peppers",86637926,434837,16029,TRUE,TRUE,301947159,6.117647059,Spotify
"Red Hot Chili Peppers","Dark Necessities","The Getaway",album,0.7,0.742,-6.777,0.0716,0.0722,0.0199,0.11,0.197,91.959,5.033333333,"Red Hot Chili Peppers - Dark Necessities [Official Music Video]","Red Hot Chili Peppers",440037964,2094182,56516,TRUE,TRUE,385677873,6.745454545,Youtube
"50 Cent","In Da Club","Get Rich Or Die Tryin'",album,0.902,0.72,-2.776,0.347,0.26,0,0.0749,0.805,90.059,3.22445,"50 Cent - In Da Club (Official Music Video)",50CentVEVO,1682616458,10481678,296745,TRUE,TRUE,1041736808,9.612817089,Youtube
"50 Cent","Candy Shop","The Massacre",album,0.614,0.574,-7.961,0.466,0.0253,0.000032,0.38,0.755,125.173,3.485116667,"50 Cent - Candy Shop (Official Music Video) ft. Olivia",50CentVEVO,838974650,5014527,113251,TRUE,TRUE,701248893,1.510526316,Youtube
"50 Cent","Just A Lil Bit","The Massacre",album,0.489,0.692,-6.672,0.41,0.0322,0.00608,0.315,0.527,96.946,3.961783333,"50 Cent - Just A Lil Bit",50CentVEVO,476133463,2523312,42075,TRUE,TRUE,395155110,2.196825397,Youtube
"50 Cent",P.I.M.P.,"Get Rich Or Die Tryin'",album,0.7,0.758,-3.012,0.342,0.0444,0.000013,0.0401,0.889,78.693,4.157783333,"50 Cent - P.I.M.P. (Snoop Dogg Remix) ft. Snoop Dogg, G-Unit",50CentVEVO,572659065,3334710,60552,TRUE,TRUE,541728561,18.90274314,Youtube
"50 Cent","Many Men (Wish Death)","Get Rich Or Die Tryin'",album,0.653,0.826,-2.93,0.354,0.0153,0.00146,0.131,0.416,108.52,4.27045,"50 Cent - Many Men (Wish Death) (Dirty Version)",50CentVEVO,441155628,2765887,84117,TRUE,TRUE,332175400,6.305343511,Youtube
"50 Cent","Disco Inferno","The Massacre",album,0.925,0.659,-4.763,0.231,0.206,0.0000788,0.279,0.71,97.018,3.57045,"50 Cent - Disco Inferno (Official Music Video)",50CentVEVO,39825951,382791,12038,TRUE,TRUE,202477187,2.362007168,Spotify
"50 Cent","21 Questions","Get Rich Or Die Tryin'",album,0.576,0.807,-3.908,0.317,0.353,0.000363,0.0512,0.908,90.012,3.74045,"50 Cent - 21 Questions (Official Music Video) ft. Nate Dogg",50CentVEVO,503248572,2759199,54805,TRUE,TRUE,446003044,15.76171875,Youtube
"50 Cent","Is This Love ('09) (feat. 50 Cent)","Curtain Call 2",album,0.853,0.776,-4.221,0.261,0.0714,0,0.181,0.659,94.028,3.53355,"Eminem, 50 Cent - Is This Love ('09) [Visualizer]",EminemVEVO,5289821,245935,9008,TRUE,TRUE,28529840,4.287292818,Spotify
"50 Cent","If I Can't","Get Rich Or Die Tryin'",album,0.892,0.631,-2.522,0.302,0.244,0,0.0235,0.838,93.975,3.277333333,"50 Cent - If I Can't (Official Music Video)","Wu Sound",46096,612,14,FALSE,FALSE,210473579,26.85106383,Spotify
"50 Cent","Best Friend - Remix","Best Friend (Remix)",single,0.545,0.64,-3.529,0.308,0.368,0,0.111,0.574,181.733,4.24155,"50 Cent-Best Friend(Remix)",Lightning,291023,5729,46,FALSE,FALSE,160037992,5.765765766,Spotify
Metallica,"Enter Sandman (Remastered)","Metallica (Remastered)",album,0.566,0.834,-8.412,0.0298,0.00277,0.008,0.0625,0.621,123.296,5.526,"Metallica: Enter Sandman (Official Music Video)",Metallica,573553706,2828795,81335,TRUE,TRUE,0,13.344,Youtube
Metallica,"Nothing Else Matters (Remastered)","Metallica (Remastered)",album,0.547,0.394,-9.793,0.0262,0.0522,0.0000064,0.0795,0.17,142.37,6.478883333,"Metallica: Nothing Else Matters (Official Music Video)",Metallica,1209806093,5127599,135946,TRUE,TRUE,0,4.955974843,Youtube
Metallica,"Master of Puppets (Remastered)","Master of Puppets (Remastered Deluxe Box Set)",album,0.539,0.828,-9.108,0.035,0.00067,0.421,0.154,0.562,105.25,8.589783333,"Master of Puppets (Remastered)","Metallica - Topic",20762910,293409,1703,TRUE,TRUE,0,5.376623377,Youtube
Metallica,"Whiskey In The Jar","Garage, Inc.",album,0.511,0.972,-3.751,0.0413,0.00000536,0.00101,0.19,0.532,132.97,5.08155,"Metallica - Whiskey In The Jar (Official Music Video)","Warner Records Vault",107553434,429797,12074,FALSE,FALSE,327681785,5.115789474,Spotify
Metallica,"The Unforgiven (Remastered)","Metallica (Remastered)",album,0.531,0.583,-9.47,0.0256,0.0184,0.00624,0.255,0.207,139.503,6.452666667,"Metallica - The Unforgiven (Official Music Video)","Warner Records Vault",426125708,1781690,46392,FALSE,FALSE,0,2.28627451,Youtube
Metallica,"One (Remastered)","...And Justice for All (Remastered Deluxe Box Set)",album,0.438,0.687,-9.15,0.0619,0.000668,0.0801,0.42,0.426,103.01,7.435766667,"Metallica - One (Official Music Video) [Remastered in HD]","No Music, No Life !",524,18,1,FALSE,FALSE,0,1.635714286,Youtube
Metallica,"For Whom The Bell Tolls (Remastered)","Ride The Lightning (Deluxe Remaster)",album,0.512,0.86,-6.145,0.0703,0.00631,0.00528,0.0652,0.258,117.909,5.166216667,"For Whom The Bell Tolls (Remastered)","Metallica - Topic",23666398,274106,667,TRUE,TRUE,0,13.19018405,Youtube
Metallica,"Lux Ã†terna","Lux Ã†terna",single,0.386,0.996,-2.96,0.0754,0.0000115,0.000836,0.116,0.188,130.573,3.428,"Metallica: Lux Ã†terna (Official Music Video)",Metallica,14937918,473751,46230,TRUE,TRUE,20061385,8.586206897,Spotify
Metallica,"Sad But True (Remastered)","Metallica (Remastered)",album,0.624,0.876,-6.005,0.0342,0.000926,0.00164,0.0561,0.453,89.24,5.41,"Metallica: Sad But True (Official Music Video)",Metallica,72737062,418124,15110,TRUE,TRUE,0,15.61497326,Youtube
Metallica,"Screaming Suicide","Screaming Suicide",single,0.425,0.972,-3.448,0.045,0.0000242,0.0202,0.239,0.282,101.125,5.50755,"Metallica: Screaming Suicide (Official Music Video)",Metallica,4317758,217109,17225,TRUE,TRUE,3905429,4.066945607,Youtube
Coldplay,Yellow,Parachutes,album,0.429,0.661,-7.227,0.0281,0.00239,0.000121,0.234,0.285,173.372,4.446216667,"Coldplay - Yellow (Official Video)",Coldplay,832532409,4600933,118296,TRUE,TRUE,1483622308,2.824786325,Spotify
Coldplay,"Viva La Vida","Viva La Vida or Death and All His Friends",album,0.486,0.617,-7.115,0.0287,0.0954,0.00000323,0.109,0.417,138.015,4.03955,"Coldplay - Viva La Vida (Official Video)",Coldplay,789581468,4370461,261790,TRUE,TRUE,1325575712,5.660550459,Spotify
Coldplay,Sparks,Parachutes,album,0.371,0.268,-10.506,0.0281,0.748,0.0517,0.104,0.165,102.617,3.784883333,Sparks,"Coldplay - Topic",73201019,787343,1637,TRUE,TRUE,475353044,2.576923077,Spotify
Coldplay,"Something Just Like This","Memories...Do Not Open",album,0.617,0.635,-6.769,0.0317,0.0498,0.0000144,0.164,0.446,103.019,4.119333333,"The Chainsmokers & Coldplay - Something Just Like This (Lyric)",ChainsmokersVEVO,2118018686,10282499,270444,TRUE,TRUE,2030825694,3.87195122,Youtube
Coldplay,"The Scientist","A Rush of Blood to the Head",album,0.557,0.442,-7.224,0.0243,0.731,0.0000146,0.11,0.213,146.277,5.16,"Coldplay - The Scientist (Official 4K Video)",Coldplay,1082588109,5532787,124357,TRUE,TRUE,1465980600,4.018181818,Spotify
Coldplay,"A Sky Full of Stars","Ghost Stories",album,0.545,0.675,-6.474,0.0279,0.00617,0.00197,0.209,0.162,124.97,4.46445,"Coldplay - A Sky Full Of Stars (Official Video)",Coldplay,786404613,3741300,79974,TRUE,TRUE,1021782403,3.229665072,Spotify
Coldplay,Paradise,"Mylo Xyloto",album,0.449,0.585,-6.761,0.0268,0.0509,0.0000875,0.0833,0.212,139.631,4.645316667,"Coldplay - Paradise (Official Video)",Coldplay,1665814269,8497224,343020,TRUE,TRUE,927288329,7.022809124,Youtube
Coldplay,"Hymn for the Weekend","A Head Full of Dreams",album,0.491,0.693,-6.487,0.0377,0.211,0.00000692,0.325,0.412,90.027,4.30445,"Coldplay - Hymn For The Weekend (Official Video)",Coldplay,1828242112,13515772,377666,TRUE,TRUE,1049654852,2.132307692,Youtube
Coldplay,"My Universe","Music Of The Spheres",album,0.573,0.711,-6.268,0.0406,0.0114,0,0.328,0.47,105.006,3.769966667,"Coldplay X BTS - My Universe (Official Video)",Coldplay,254655970,8867547,432726,TRUE,TRUE,883224238,2.167682927,Spotify
Coldplay,"Fix You",X&Y,album,0.209,0.417,-8.74,0.0338,0.164,0.00196,0.113,0.124,138.178,4.92555,"Coldplay - Fix You (Official Video)",Coldplay,566239229,2962029,114460,TRUE,TRUE,1115171056,3.690265487,Spotify
"Daft Punk","Get Lucky (feat. Pharrell Williams & Nile Rodgers) - Radio Edit","Get Lucky (feat. Pharrell Williams & Nile Rodgers) [Radio Edit]",single,0.794,0.811,-8.966,0.038,0.0426,0.00000107,0.101,0.862,116.047,4.140216667,"Daft Punk - Get Lucky (Official Video) feat. Pharrell Williams and Nile Rodgers","convar HUN",32310867,956073,19646,FALSE,FALSE,844698895,8.02970297,Spotify
"Daft Punk","One More Time",Discovery,album,0.613,0.697,-8.618,0.133,0.0194,0,0.332,0.476,122.746,5.339283333,"Daft Punk - One More Time (Official Video)","Daft Punk",432177586,2707992,110189,TRUE,TRUE,471747761,2.09939759,Spotify
"Daft Punk","Instant Crush (feat. Julian Casablancas)","Random Access Memories",album,0.775,0.585,-9.516,0.0271,0.0422,0.619,0.077,0.518,109.942,5.626,"Daft Punk - Instant Crush (Video) ft. Julian Casablancas",DaftPunkVEVO,606828966,3111505,87115,TRUE,TRUE,460589724,7.597402597,Youtube
"Daft Punk","Get Lucky (feat. Pharrell Williams & Nile Rodgers)","Random Access Memories",album,0.81,0.793,-9.404,0.0403,0.0378,0.00000177,0.072,0.863,116.05,6.16045,"Daft Punk - Get Lucky (Official Video) feat. Pharrell Williams and Nile Rodgers","convar HUN",32310867,956073,19646,FALSE,FALSE,400304719,11.01388889,Spotify
"Daft Punk","Around the World",Homework,album,0.956,0.795,-5.311,0.15,0.00356,0.889,0.0906,0.841,121.294,7.158883333,"Daft Punk - Around The World (Official Music Video Remastered)","Daft Punk",38218353,466569,11904,TRUE,TRUE,293417547,8.774834437,Spotify
"Daft Punk","Harder, Better, Faster, Stronger",Discovery,album,0.817,0.716,-8.898,0.144,0.0427,0.00263,0.358,0.692,123.474,3.744883333,"Daft Punk - Harder, Better, Faster, Stronger (Official Video)","Daft Punk",121308880,1329678,70754,TRUE,TRUE,292668007,2,Spotify
"Daft Punk","Something About Us",Discovery,album,0.875,0.475,-12.673,0.0986,0.44,0.72,0.046,0.384,99.958,3.877783333,"Daft Punk - Something About Us (Official Video)","Daft Punk",77464307,723914,23915,TRUE,TRUE,185381876,10.32608696,Spotify
"Daft Punk","Lose Yourself to Dance (feat. Pharrell Williams)","Random Access Memories",album,0.832,0.659,-7.828,0.057,0.0839,0.00114,0.0753,0.674,100.163,5.898216667,"Daft Punk - Lose Yourself to Dance (Official Version)",DaftPunkVEVO,195983803,1115598,37436,TRUE,TRUE,274711166,8.751660027,Spotify
"Daft Punk","Veridis Quo",Discovery,album,0.605,0.687,-13.928,0.045,0.479,0.949,0.104,0.12,106.896,5.753116667,"Daft Punk - Veridis Quo (Official Video)","Daft Punk",23984070,216822,7260,TRUE,TRUE,90589464,6.605769231,Spotify
"Daft Punk","Digital Love",Discovery,album,0.644,0.664,-8.398,0.0332,0.048,0.867,0.342,0.53,124.726,5.022883333,"Daft Punk - Digital Love (Official Video)","Daft Punk",30079390,203063,8957,TRUE,TRUE,115484456,1.941520468,Spotify
"Linkin Park","In the End","Hybrid Theory (Bonus Edition)",album,0.556,0.864,-5.87,0.0584,0.00958,0,0.209,0.4,105.143,3.614666667,"In The End [Official HD Music Video] - Linkin Park","Linkin Park",1487186392,10183387,409471,TRUE,TRUE,1444841705,4.133971292,Youtube
"Linkin Park",Numb,Meteora,album,0.496,0.863,-4.153,0.0381,0.0046,0,0.639,0.243,110.018,3.093116667,"Numb [Official Music Video] - Linkin Park","Linkin Park",1928733776,12341722,550921,TRUE,TRUE,1195213410,1.350547731,Youtube
"Linkin Park","What I've Done","Minutes to Midnight",album,0.623,0.93,-5.285,0.0324,0.0141,0.00000164,0.138,0.287,120.119,3.426883333,"What I've Done [Official Music Video] - Linkin Park","Linkin Park",587927093,3370635,148741,TRUE,TRUE,589294152,6.739130435,Spotify
"Linkin Park","Numb / Encore","Numb / Encore: MTV Ultimate Mash-Ups Presents Collision Course",single,0.687,0.793,-4.254,0.166,0.0603,0,0.582,0.751,107.045,3.428883333,"Numb/Encore [Live] - Linkin Park & Jay Z","Linkin Park",44436981,226771,9260,TRUE,TRUE,778880225,1.362542955,Spotify
"Linkin Park","One Step Closer","Hybrid Theory (Bonus Edition)",album,0.492,0.969,-4.419,0.0491,0.0014,0.00000132,0.0787,0.538,95.136,2.622216667,"One Step Closer [Official HD Music Video] - Linkin Park","Linkin Park",154808291,1102031,33750,TRUE,TRUE,447287242,12.31257942,Spotify
"Linkin Park",Faint,Meteora,album,0.554,0.978,-3.554,0.131,0.111,0,0.0731,0.594,135.095,2.71,"Faint [Official Music Video] - Linkin Park","Linkin Park",378323695,2061834,65731,TRUE,TRUE,413355749,13.37893297,Spotify
"Linkin Park","Bleed It Out","Minutes to Midnight",album,0.529,0.967,-3.647,0.0508,0.114,0,0.61,0.596,140.127,2.772883333,"Bleed It Out [Official Music Video] - Linkin Park","Linkin Park",135176149,762715,27609,TRUE,TRUE,388331061,1.585245902,Spotify
"Linkin Park",Papercut,"Hybrid Theory (Bonus Edition)",album,0.524,0.939,-3.994,0.113,0.00022,0,0.623,0.661,150.184,3.081116667,"Papercut [Official HD Music Video] - Linkin Park","Linkin Park",240834555,1400306,50003,TRUE,TRUE,345142662,1.507223114,Spotify
"Linkin Park",Crawling,"Hybrid Theory (Bonus Edition)",album,0.58,0.702,-5.565,0.0337,0.0466,0.0000032,0.536,0.299,105.076,3.482666667,"Crawling [Official HD Music Video] - Linkin Park","Linkin Park",374506972,2197293,96490,TRUE,TRUE,391929621,1.309701493,Spotify
"Linkin Park","BURN IT DOWN","LIVING THINGS",album,0.585,0.972,-4.45,0.0534,0.0143,0,0.0707,0.585,110.006,3.83755,"BURN IT DOWN [Official Music Video] - Linkin Park","Linkin Park",353135986,2534190,113567,TRUE,TRUE,368132993,13.74823197,Spotify
Radiohead,Creep,"Pablo Honey",album,0.515,0.43,-9.935,0.0372,0.0097,0.000133,0.129,0.104,91.844,3.977333333,"Radiohead - Creep",Radiohead,763497849,4777393,147276,TRUE,TRUE,1101854725,3.333333333,Spotify
Radiohead,"No Surprises","OK Computer",album,0.255,0.393,-10.654,0.0278,0.0577,0.00361,0.113,0.118,76.426,3.818666667,"Radiohead - No Surprises",Radiohead,167847274,1274934,40034,TRUE,TRUE,379349681,3.477876106,Spotify
Radiohead,"Karma Police","OK Computer",album,0.36,0.501,-9.129,0.0258,0.0638,0.0000932,0.172,0.324,74.807,4.401116667,"Radiohead - Karma Police",Radiohead,89246405,593396,17682,TRUE,TRUE,382823305,2.912790698,Spotify
Radiohead,"High and Dry","The Bends",album,0.419,0.383,-11.782,0.0256,0.0724,0.0176,0.0896,0.35,87.568,4.291333333,"Radiohead -  High & Dry -  American Version [OFFICIAL MUSIC VIDEO]","Justice Elan Wenzloff",80290,2133,238,FALSE,FALSE,291096318,4.274553571,Spotify
Radiohead,"Exit Music (For A Film)","OK Computer",album,0.293,0.276,-11.357,0.0349,0.224,0.122,0.167,0.195,121.603,4.453116667,"Exit Music (For A Film)","Radiohead - Topic",10644157,171322,1669,TRUE,TRUE,146857863,1.652694611,Spotify
Radiohead,"Weird Fishes/ Arpeggi","In Rainbows",album,0.531,0.61,-8.025,0.0387,0.772,0.756,0.0908,0.199,152.958,5.303116667,"Radiohead - Weird Fishes -  by Tobias Stretch",Radiohead,15335499,125774,4852,FALSE,TRUE,121688699,6.718061674,Spotify
Radiohead,"Jigsaw Falling Into Place","In Rainbows",album,0.462,0.832,-6.085,0.0479,0.108,0.00416,0.0741,0.807,165.653,4.148216667,"Radiohead - Jigsaw Falling Into Place",Radiohead,26398730,180969,8010,TRUE,TRUE,79367881,11.22807018,Spotify
Radiohead,"Fake Plastic Trees","The Bends",album,0.463,0.229,-12.592,0.0297,0.167,0.0997,0.202,0.135,73.543,4.845116667,"Radiohead - Fake Plastic Trees",Radiohead,61340263,398951,15400,TRUE,TRUE,219867047,1.133663366,Spotify
Radiohead,Just,"The Bends",album,0.291,0.767,-6.913,0.0862,0.000401,0.012,0.0763,0.359,175.702,3.913333333,"Radiohead - Just",Radiohead,15041854,146328,6899,TRUE,TRUE,88945336,10.05242464,Spotify
Radiohead,Nude,"In Rainbows",album,0.516,0.342,-9.785,0.0342,0.832,0.579,0.0857,0.167,128.378,4.25645,"Radiohead - Nude",Radiohead,12205514,124486,4536,TRUE,TRUE,86388469,3.990665111,Spotify
AC/DC,"Highway to Hell","Highway to Hell",album,0.574,0.913,-4.793,0.133,0.061,0.00158,0.156,0.423,115.728,3.473333333,"AC/DC - Highway to Hell (Official Video)",acdcVEVO,274830901,2039258,44487,TRUE,TRUE,1143164505,5.852564103,Spotify
AC/DC,Thunderstruck,"The Razors Edge",album,0.502,0.89,-5.175,0.0364,0.000147,0.0117,0.217,0.259,133.52,4.881333333,"AC/DC - Thunderstruck (Official Video)",acdcVEVO,1224226060,5989128,153047,TRUE,TRUE,1088388556,4.101382488,Youtube
AC/DC,"Back In Black","Back In Black",album,0.31,0.7,-5.678,0.047,0.011,0.00965,0.0828,0.763,188.386,4.258216667,"AC/DC - Back In Black (Official Video)",acdcVEVO,915158054,5643694,134549,TRUE,TRUE,1182379398,8.45410628,Spotify
AC/DC,"You Shook Me All Night Long","Back In Black",album,0.532,0.767,-5.509,0.0574,0.00287,0.000513,0.39,0.755,127.361,3.502883333,"AC/DC - You Shook Me All Night Long (Official Video)",acdcVEVO,279117834,1348845,26645,TRUE,TRUE,802076123,1.966666667,Spotify
AC/DC,T.N.T.,"High Voltage",album,0.754,0.759,-5.218,0.302,0.153,0.000108,0.101,0.435,126.366,3.577783333,"AC/DC - T.N.T. (Live At River Plate, December 2009)",acdcVEVO,240908491,934797,19584,TRUE,TRUE,526521070,7.514851485,Spotify
AC/DC,"Hells Bells","Back In Black",album,0.389,0.873,-4.768,0.0475,0.00532,0.0055,0.273,0.303,106.767,5.204883333,"AC/DC - Hells Bells (Official Video)",acdcVEVO,252038354,1067479,29353,TRUE,TRUE,296521772,3.197802198,Spotify
AC/DC,"Dirty Deeds Done Dirt Cheap","Dirty Deeds Done Dirt Cheap",album,0.668,0.906,-4.881,0.17,0.214,0.00245,0.135,0.507,135.653,3.86555,"AC/DC - Dirty Deeds Done Dirt Cheap (Official Audio)",acdcVEVO,852728,14044,1029,TRUE,TRUE,269837425,6.711111111,Spotify
AC/DC,"Shoot to Thrill","Back In Black",album,0.457,0.904,-5.303,0.0747,0.000239,0.0879,0.396,0.48,141.038,5.29045,"AC/DC - Shoot To Thrill (Iron Man 2 Version)",acdcVEVO,172293392,642344,17673,TRUE,TRUE,292026041,2.282828283,Spotify
AC/DC,"It's a Long Way to the Top (If You Wanna Rock 'N' Roll)","High Voltage",album,0.456,0.863,-3.551,0.0894,0.133,0.0538,0.0553,0.532,135.962,5.02045,"AC/DC - It's a Long Way to the Top (If You Wanna Rock 'n' Roll) (Official Video)","Official Lives & Music Videos - Official Channel",102527,1881,240,FALSE,FALSE,196347993,15.60578662,Spotify
AC/DC,"Rock N Roll Train","Black Ice",album,0.547,0.931,-2.356,0.0615,0.000998,0.0118,0.278,0.697,118.4,4.35845,"AC/DC - Rock N Roll Train (Official Video)",acdcVEVO,18237531,119749,2251,TRUE,TRUE,144143014,3.348920863,Spotify
"Black Eyed Peas","I Gotta Feeling","THE E.N.D. (THE ENERGY NEVER DIES)",album,0.744,0.766,-6.375,0.0265,0.0873,0,0.509,0.61,127.966,4.818883333,"The Black Eyed Peas - I Gotta Feeling (Official Music Video)",BlackEyedPeasVEVO,638267058,3670416,131565,TRUE,TRUE,1001227038,1.504911591,Spotify
"Black Eyed Peas","DON'T YOU WORRY",ELEVATION,album,0.831,0.868,-5.282,0.0325,0.176,0,0.184,0.483,131.971,3.240633333,"Black Eyed Peas, Shakira, David Guetta - DON'T YOU WORRY (Official Music Video)",BlackEyedPeasVEVO,144690551,1327396,57072,TRUE,TRUE,162685755,4.717391304,Spotify
"Black Eyed Peas","Where Is The Love?",Elephunk,album,0.834,0.699,-3.222,0.178,0.111,0,0.131,0.809,94.086,4.542216667,"The Black Eyed Peas - Where Is The Love? (Official Music Video)",BlackEyedPeasVEVO,888076529,4899065,180386,TRUE,TRUE,752091441,5.335877863,Youtube
"Black Eyed Peas","Just Canâ€™t Get Enough","The Beginning",album,0.659,0.628,-8.685,0.179,0.186,0,0.105,0.262,94.05,3.657116667,"The Black Eyed Peas - Just Can't Get Enough (Official Music Video)",BlackEyedPeasVEVO,292211575,1594576,70720,TRUE,TRUE,331578264,5.980952381,Spotify
"Black Eyed Peas","GIRL LIKE ME",TRANSLATION,album,0.965,0.485,-8.784,0.191,0.0206,0.0237,0.0655,0.312,124.025,3.708716667,"Black Eyed Peas, Shakira - GIRL LIKE ME (Official Music Video)",BlackEyedPeasVEVO,662529115,5488829,222922,TRUE,TRUE,453923193,7.404580153,Youtube
"Black Eyed Peas","Pump It","Monkey Business",album,0.649,0.931,-3.15,0.181,0.0093,0,0.751,0.744,153.645,3.551116667,"The Black Eyed Peas - Pump It (Official Music Video)",BlackEyedPeasVEVO,755836314,4746197,133551,TRUE,TRUE,492130246,1.239680426,Youtube
"Black Eyed Peas","Pump It Louder","Pump It Louder",single,0.66,0.942,-2.273,0.185,0.00789,0.0000176,0.834,0.543,126.017,2.64285,"TiÃ«sto & Black Eyed Peas - Pump It Louder (Official Video)",TiÃ«sto,2099141,61252,1238,TRUE,TRUE,27908495,1.129496403,Spotify
"Black Eyed Peas","Meet Me Halfway","THE E.N.D. (THE ENERGY NEVER DIES)",album,0.798,0.629,-6.857,0.0735,0.00474,0.0000229,0.324,0.4,130.002,4.73955,"The Black Eyed Peas - Meet Me Halfway (Official Music Video)",BlackEyedPeasVEVO,458724349,2094991,73011,TRUE,TRUE,363930118,1.941358025,Youtube
"Black Eyed Peas","RITMO (Bad Boys For Life)",TRANSLATION,album,0.732,0.716,-6.968,0.0561,0.0295,0.000758,0.73,0.666,105.093,3.580916667,"Black Eyed Peas, J Balvin - RITMO (Bad Boys For Life) (Official Music Video)",BlackEyedPeasVEVO,1021503328,6398855,130819,TRUE,TRUE,869795408,0.980821918,Youtube
"Black Eyed Peas","SIMPLY THE BEST",ELEVATION,album,0.872,0.789,-6.047,0.132,0.203,0.0000239,0.125,0.646,126.042,3.9365,"Black Eyed Peas, Anitta, El Alfa - SIMPLY THE BEST (Official Music Video)",BlackEyedPeasVEVO,43226385,242932,38381,TRUE,TRUE,18501860,6.312,Youtube
"Michael Jackson","Billie Jean",Thriller,album,0.932,0.457,-9.62,0.0541,0.0173,0.0436,0.0414,0.884,117.002,4.903783333,"Michael Jackson - Billie Jean (Official Video)",michaeljacksonVEVO,1300732161,9523245,508425,TRUE,TRUE,1302677366,11.03864734,Spotify
"Michael Jackson",Chicago,XSCAPE,album,0.608,0.756,-2.675,0.176,0.0784,0,0.187,0.55,176.086,4.091783333,"Michael Jackson - Chicago",MJ4481,545655,7314,386,FALSE,FALSE,103974637,4.042780749,Spotify
"Michael Jackson","Beat It",Thriller,album,0.776,0.711,-9.03,0.0473,0.0242,0.000353,0.234,0.901,138.728,4.306666667,"Michael Jackson - Beat It (Official 4K Video)",michaeljacksonVEVO,905692299,6656468,259358,TRUE,TRUE,826832314,3.038461538,Youtube
"Michael Jackson","Smooth Criminal - 2012 Remaster","Bad (Remastered)",album,0.853,0.981,-3.947,0.0751,0.247,0.468,0.306,0.595,118.193,4.296,"Michael Jackson - Smooth Criminal (Single Version) HD",vman,84652754,672624,25952,FALSE,FALSE,526030670,3.205882353,Spotify
"Michael Jackson","Rock with You - Single Version","Off the Wall",album,0.808,0.535,-12.521,0.0353,0.179,0.0000991,0.158,0.848,114.031,3.677116667,"Michael Jackson - Rock With You (Official Video)",michaeljacksonVEVO,301845823,2269865,87490,TRUE,TRUE,346137424,3.386075949,Spotify
"Michael Jackson","Don't Stop 'Til You Get Enough","Off the Wall",album,0.878,0.821,-9.875,0.089,0.126,0.0461,0.183,0.947,118.881,6.091116667,"Michael Jackson - Donâ€™t Stop 'Til You Get Enough (Official Video)",michaeljacksonVEVO,349102050,2254295,89160,TRUE,TRUE,389644450,4.486338798,Spotify
"Michael Jackson","They Don't Care About Us","HIStory - PAST, PRESENT AND FUTURE - BOOK I",album,0.859,0.905,-5.539,0.129,0.205,0.00837,0.322,0.731,89.946,4.736,"Michael Jackson - They Donâ€™t Care About Us (Brazil Version) (Official Video)",michaeljacksonVEVO,978680025,8312571,335112,TRUE,TRUE,256361972,2.810559006,Youtube
"Michael Jackson","Remember the Time",Dangerous,album,0.831,0.921,-2.383,0.0582,0.153,0.00224,0.305,0.795,108.002,3.987116667,"Michael Jackson - Remember The Time (Official Video)",michaeljacksonVEVO,504057332,3085718,127080,TRUE,TRUE,224254298,3.019672131,Youtube
"Michael Jackson","The Way You Make Me Feel - 2012 Remaster","Bad (Remastered)",album,0.877,0.854,-4.523,0.147,0.0544,0.000055,0.144,0.54,114.472,4.968666667,"Michael Jackson - The Way You Make Me Feel (Official Video)",michaeljacksonVEVO,436325398,2515830,94765,TRUE,TRUE,349629692,5.930555556,Youtube
"Michael Jackson","Love Never Felt So Good",XSCAPE,album,0.775,0.719,-6.212,0.0435,0.132,0.00000179,0.0662,0.712,117.513,4.10045,"Michael Jackson, Justin Timberlake - Love Never Felt So Good (Official Video)",michaeljacksonVEVO,343328494,2121502,53821,TRUE,TRUE,280500270,10.86102719,Youtube
P!nk,"Just Give Me a Reason (feat. Nate Ruess)","The Truth About Love",album,0.778,0.547,-7.273,0.0489,0.346,0.000302,0.132,0.441,95.002,4.04555,"P!nk - Just Give Me A Reason ft. Nate Ruess",PinkVEVO,1518313784,6420621,166423,TRUE,TRUE,995490565,4.143939394,Youtube
P!nk,"Never Gonna Not Dance Again","Never Gonna Not Dance Again",single,0.668,0.802,-4.005,0.0917,0.0273,0,0.163,0.769,113.796,3.76315,"P!NK - Never Gonna Not Dance Again (Official Video)",PinkVEVO,10941241,216805,7540,TRUE,TRUE,34361626,4.920245399,Spotify
P!nk,"Raise Your Glass","Raise Your Glass",single,0.7,0.709,-5.006,0.0838,0.0048,0,0.029,0.624,122.019,3.382666667,"P!nk - Raise Your Glass (Official Video)",PinkVEVO,237232986,1026177,47667,TRUE,TRUE,502735560,24.44827586,Spotify
P!nk,Try,"The Truth About Love",album,0.674,0.628,-7.079,0.03,0.00144,0,0.0944,0.552,103.998,4.131783333,"P!nk - Try (Official Video)",PinkVEVO,534286492,2554163,78435,TRUE,TRUE,476783121,6.652542373,Youtube
P!nk,"So What","Funhouse (Expanded Edition)",album,0.534,0.87,-3.078,0.0425,0.000334,0,0.241,0.462,126.019,3.586,"P!nk - So What (Official Video)",PinkVEVO,432775314,2187945,60960,TRUE,TRUE,471672024,3.609958506,Spotify
P!nk,"What About Us","Beautiful Trauma",album,0.491,0.588,-6.177,0.0506,0.0281,0.00000201,0.0906,0.193,113.608,4.493333333,"P!NK - What About Us (Official Video)",PinkVEVO,339837769,1819636,38357,TRUE,TRUE,662431775,6.490066225,Spotify
P!nk,"Cover Me In Sunshine","All I Know So Far: Setlist",album,0.473,0.592,-6.859,0.138,0.0528,0,0.131,0.292,159.7,2.30955,"P!NK, Willow Sage Hart - Cover Me In Sunshine (Official Video)",PinkVEVO,80575503,948515,24233,TRUE,TRUE,346097538,4.519083969,Spotify
P!nk,TRUSTFALL,TRUSTFALL,single,0.636,0.888,-3.889,0.0945,0.00162,0.000216,0.147,0.25,122.032,3.953333333,"P!NK - TRUSTFALL (Official Video)",PinkVEVO,3309247,146755,5707,TRUE,TRUE,2790105,6.040816327,Youtube
P!nk,"Who Knew","I'm Not Dead",album,0.688,0.734,-4.569,0.0274,0.00462,0,0.0756,0.46,140.004,3.474883333,"P!nk - Who Knew (Official Video)",PinkVEVO,168736063,611231,20095,TRUE,TRUE,219363750,9.708994709,Spotify
P!nk,"True Love (feat. Lily Allen)","The Truth About Love",album,0.457,0.823,-4.76,0.311,0.00144,0,0.108,0.578,192.205,3.84555,"P!nk - True Love (Official Video) ft. Lily Allen",PinkVEVO,149977268,938718,31361,TRUE,TRUE,170002964,7.62037037,Spotify
Eminem,Mockingbird,"Encore (Deluxe Version)",album,0.637,0.678,-3.798,0.266,0.209,0,0.156,0.254,84.039,4.179333333,"Eminem - Mockingbird [Official Music Video]",EminemVEVO,719661717,5550929,205147,TRUE,TRUE,908006704,4.346153846,Spotify
Eminem,"Without Me","The Eminem Show",album,0.908,0.669,-2.827,0.0738,0.00286,0,0.237,0.662,112.238,4.838666667,"Eminem - Without Me (Official Music Video)",EminemVEVO,1590485349,11469490,341006,TRUE,TRUE,1457351902,2.82278481,Youtube
Eminem,"The Real Slim Shady","The Marshall Mathers LP",album,0.949,0.661,-4.244,0.0572,0.0302,0,0.0454,0.76,104.504,4.736666667,"Eminem - The Real Slim Shady (Official Video - Clean Version)",EminemVEVO,777507160,6489755,169037,TRUE,TRUE,1232567233,14.55947137,Spotify
Eminem,Superman,"The Eminem Show",album,0.802,0.755,-3.138,0.0564,0.0215,0,0.295,0.58,130.027,5.838666667,"Eminem - Superman (Clean Version) ft. Dina Rae",EminemVEVO,139257221,950561,35404,TRUE,TRUE,466021760,2.559322034,Spotify
Eminem,"Till I Collapse","The Eminem Show",album,0.548,0.847,-3.237,0.186,0.0622,0,0.0816,0.1,171.447,4.963116667,"Eminem - Till I Collapse Feat. Nate Dogg [OFFICIAL MUSIC VIDEO]",Myde?ko,1931315,18992,291,FALSE,FALSE,1548871694,10.37990196,Spotify
Eminem,Stan,"The Marshall Mathers LP",album,0.78,0.768,-4.325,0.238,0.0371,0.00000234,0.518,0.507,80.063,6.735116667,"Eminem - Stan (Long Version) ft. Dido",EminemVEVO,623027280,5152714,199113,TRUE,TRUE,799979337,1.482625483,Spotify
Eminem,"Godzilla (feat. Juice WRLD)","Music To Be Murdered By",album,0.808,0.745,-5.26,0.342,0.145,0,0.292,0.829,165.995,3.513333333,"Eminem - Godzilla ft. Juice WRLD (Directed by Cole Bennett)","Lyrical Lemonade",547039623,9287567,398333,FALSE,FALSE,1072650382,2.551369863,Spotify
Eminem,"Sing For The Moment","The Eminem Show",album,0.668,0.824,-4.164,0.137,0.0017,0.00000305,0.0426,0.185,163.961,5.659116667,"Eminem - Sing For The Moment (Official Music Video)",EminemVEVO,454015875,2471743,99418,TRUE,TRUE,357737050,19.342723,Youtube
Eminem,"Not Afraid",Recovery,album,0.855,0.954,-1.19,0.264,0.529,0,0.205,0.668,114.635,4.13555,"Eminem - Not Afraid",EminemVEVO,1727241246,11425215,872181,TRUE,TRUE,789922926,4.653658537,Youtube
"Pharrell Williams","Happy - From "Despicable Me 2"""","G I R L",album,0.647,0.822,-4.662,0.183,0.219,0,0.0908,0.962,160.019,3.878666667,"Pharrell Williams - Happy (from Despicable Me 2) [Ballroom Version]",PharrellWilliamsVEVO,128396799,718507,14157,TRUE,TRUE,1143833476,9.052863436,Spotify
"Pharrell Williams","Down In Atlanta","Down In Atlanta",single,0.851,0.819,-5.173,0.212,0.337,0.000153,0.0658,0.903,83.154,2.734016667,"Pharrell Williams, Travis Scott - Down In Atlanta (Official Lyric Video)",PharrellWilliamsVEVO,3658044,88925,2271,TRUE,TRUE,42006396,12.44680851,Spotify
"Pharrell Williams","Feels (feat. Pharrell Williams, Katy Perry & Big Sean)","Funk Wav Bounces Vol.1",album,0.893,0.745,-3.105,0.0571,0.0642,0,0.0943,0.872,101.018,3.72355,"Calvin Harris - Feels (Official Video) ft. Pharrell Williams, Katy Perry, Big Sean",CalvinHarrisVEVO,673495248,4097957,105475,TRUE,TRUE,981287133,7.900318134,Spotify
"Pharrell Williams","Cash In Cash Out","Cash In Cash Out",single,0.877,0.56,-3.751,0.0596,0.00721,0.00000145,0.0839,0.154,119.971,3.602266667,"Pharrell Williams - Cash In Cash Out (Official Video) ft. 21 Savage, Tyler, The Creator",PharrellWilliamsVEVO,20392451,560857,16545,TRUE,TRUE,104603335,6.674612634,Spotify
"Pharrell Williams","Stay With Me (with Justin Timberlake, Halsey & Pharrell)","Funk Wav Bounces Vol. 2",album,0.81,0.733,-6.338,0.0444,0.276,0.00000673,0.288,0.9,125.975,3.821383333,"Calvin Harris - Stay With Me (Official Video) ft Justin Timberlake, Halsey & Pharrell",CalvinHarrisVEVO,26641550,315368,9132,TRUE,TRUE,99934776,2.545138889,Spotify
"Pharrell Williams","Hit Different","Hit Different",single,0.679,0.516,-6.371,0.0452,0.199,0,0.0965,0.716,120.074,3.3668,"SZA - Hit Different (Official Video) ft. Ty Dolla $ign",SZAVEVO,121559320,1081676,36266,TRUE,TRUE,198332490,5.347150259,Spotify
"Pharrell Williams","Neon Guts (feat. Pharrell Williams)","Luv Is Rage 2",album,0.859,0.563,-6.635,0.112,0.0541,0,0.0685,0.412,119.934,4.31315,"Lil Uzi Vert - Neon Guts feat. Pharrell Williams [Official Visualizer]","LIL UZI VERT",35793144,431472,11252,TRUE,TRUE,219355874,8.218978102,Spotify
"Pharrell Williams","JUGGERNAUT (feat. Lil Uzi Vert & Pharrell Williams)","CALL ME IF YOU GET LOST",album,0.827,0.571,-7.949,0.366,0.0195,0,0.166,0.62,142.034,2.440316667,"Tyler, The Creator - JUGGERNAUT (Official Video)","Tyler, The Creator",11408003,477302,12628,FALSE,TRUE,99577335,3.439759036,Spotify
"Pharrell Williams","Just A Cloud Away","Just A Cloud Away",single,0.89,0.46,-8.155,0.0359,0.432,0,0.11,0.677,112.555,2.934633333,"Just A Cloud Away","Pharrell Williams - Topic",2672481,63065,75,TRUE,TRUE,105629259,4.181818182,Spotify
"Pharrell Williams","Frontin' (feat. Jay-Z) - Club Mix","The Neptunes Present... Clones",album,0.894,0.404,-5.913,0.13,0.453,0.00000157,0.0801,0.759,102.009,3.941783333,"Pharrell - Frontin' (Official HD Video) ft. Jay-Z",PharrellWilliamsVEVO,59095041,433116,13530,TRUE,TRUE,114177468,5.043695381,Spotify
Khalid,"lovely (with Khalid)","lovely (with Khalid)",single,0.351,0.296,-10.109,0.0333,0.934,0,0.095,0.12,115.284,3.336433333,"Billie Eilish, Khalid - lovely",BillieEilishVEVO,1721382178,24425840,561909,TRUE,TRUE,2110573779,3.115789474,Spotify
Khalid,Numb,Numb,single,0.912,0.774,-4.673,0.0455,0.121,0.0127,0.101,0.632,119.966,2.59315,"Marshmello, Khalid - Numb (Official Video)",MarshmelloVEVO,25212794,418647,7041,TRUE,TRUE,203066841,7.663366337,Spotify
Khalid,Silence,Silence,single,0.52,0.761,-3.093,0.0853,0.256,0.00000496,0.17,0.286,141.971,3.013716667,"Marshmello - Silence Ft. Khalid (Official Music Video)",Marshmello,129183587,1480652,37678,FALSE,TRUE,1322057199,4.476470588,Spotify
Khalid,"Young Dumb & Broke","American Teen",album,0.799,0.539,-6.351,0.0421,0.199,0.0000166,0.165,0.394,136.948,3.375783333,"Khalid - Young Dumb & Broke (Official Video)",KhalidVEVO,886349984,5968729,147072,TRUE,TRUE,1290687019,3.266666667,Spotify
Khalid,"Eastside (with Halsey & Khalid)","FRIENDS KEEP SECRETS",album,0.632,0.686,-7.665,0.243,0.549,0,0.2,0.329,89.949,2.846166667,"benny blanco, Halsey & Khalid â€“ Eastside (official video)","benny blanco",632400004,2781127,34795,FALSE,TRUE,1424962511,3.43,Spotify
Khalid,Better,Suncity,album,0.596,0.552,-10.278,0.097,0.0765,0.334,0.104,0.112,97.949,3.822,"Khalid - Better (Official Video)",KhalidVEVO,860718114,4030063,68320,TRUE,TRUE,1143264716,5.307692308,Spotify
Khalid,Location,"American Teen",album,0.736,0.449,-11.462,0.425,0.33,0.000162,0.0898,0.326,80.126,3.651333333,"Khalid - Location (Official Video)",KhalidVEVO,544666810,3251468,61104,TRUE,TRUE,1221083395,5,Spotify
Khalid,8TEEN,"American Teen",album,0.83,0.585,-5.802,0.0366,0.225,0.00209,0.0576,0.642,105.03,3.81,"Khalid - 8TEEN (Official Lyric Video)",KhalidVEVO,1381628,12115,158,TRUE,TRUE,586480399,10.15625,Spotify
Khalid,"Beautiful People (feat. Khalid)","No.6 Collaborations Project",album,0.64,0.647,-8.114,0.186,0.124,0,0.0801,0.546,92.979,3.297783333,"Ed Sheeran - Beautiful People (feat. Khalid) [Official Music Video]","Ed Sheeran",353454004,2754251,54867,TRUE,TRUE,1241240312,8.077403246,Spotify
Khalid,"Love Lies (with Normani)","Love Lies (with Normani)",single,0.708,0.648,-5.626,0.0449,0.0956,0,0.134,0.338,143.955,3.361783333,"Khalid & Normani - Love Lies (Official Video)",KhalidVEVO,243497172,1758555,28321,TRUE,TRUE,843423744,4.835820896,Spotify
Shakira,"Shakira: Bzrp Music Sessions, Vol. 53","Shakira: Bzrp Music Sessions, Vol. 53",single,0.778,0.632,-5.6,0.0493,0.274,0,0.0915,0.498,122.104,3.63815,"SHAKIRA || BZRP Music Sessions #53",Bizarrap,252068988,9415668,525670,TRUE,TRUE,196761853,6.907103825,Youtube
Shakira,MonotonÃ­a,MonotonÃ­a,single,0.873,0.695,-4.207,0.0459,0.419,0.00000123,0.211,0.823,131.963,2.64675,"Shakira, Ozuna - MonotonÃ­a (Official Video)",shakiraVEVO,189132077,3670104,161071,TRUE,TRUE,220692224,3.293838863,Spotify
Shakira,"Te Felicito","Te Felicito",single,0.695,0.636,-4.654,0.317,0.234,0,0.081,0.575,174.14,2.870583333,"Shakira, Rauw Alejandro - Te Felicito (Official Video)",shakiraVEVO,460717876,3361051,155635,TRUE,TRUE,473003231,7.851851852,Spotify
Shakira,"Hips Don't Lie (feat. Wyclef Jean)","Oral Fixation, Vol. 2 (Expanded Edition)",album,0.778,0.824,-5.892,0.0707,0.284,0,0.405,0.758,100.024,3.634883333,"Shakira - Hips Don't Lie (Official 4K Video) ft. Wyclef Jean",shakiraVEVO,1214508056,6540184,223326,TRUE,TRUE,1164605089,2.034567901,Youtube
Shakira,"DON'T YOU WORRY",ELEVATION,album,0.831,0.868,-5.282,0.0325,0.176,0,0.184,0.483,131.971,3.240633333,"Black Eyed Peas, Shakira, David Guetta - DON'T YOU WORRY (Official Music Video)",BlackEyedPeasVEVO,144690551,1327396,57072,TRUE,TRUE,162685755,4.717391304,Spotify
Shakira,"Dia de Enero","FijaciÃ³n Oral, Vol. 1",album,0.687,0.361,-11.589,0.0792,0.35,0.0000111,0.11,0.526,165.747,2.88555,"Shakira - Dia de Enero (Official HD Video)",shakiraVEVO,151765834,507258,20625,TRUE,TRUE,138360843,3.281818182,Youtube
Shakira,Inevitable,"Donde Estan Los Ladrones",album,0.595,0.461,-7.786,0.0641,0.269,0.000149,0.123,0.338,91.976,3.21445,"Shakira - Inevitable (Official HD Video)",shakiraVEVO,135287306,437988,25673,TRUE,TRUE,220084336,3.74796748,Spotify
Shakira,Antologia,"Pies Descalzos",album,0.839,0.403,-11.059,0.0308,0.5,0.00000181,0.0786,0.575,97.967,4.237333333,"Shakira - Antologia (Video Oficial)","CafÃ© Con Telenovelas",359765,4970,245,FALSE,FALSE,229134152,5.127226463,Spotify
"Machine Gun Kelly","my ex's best friend (with blackbear)","Tickets To My Downfall",album,0.731,0.675,-5.134,0.0434,0.00473,0,0.141,0.298,124.939,2.32435,"Machine Gun Kelly ft. blackbear - my ex's best friend (Official Music Video)",MGKVEVO,102439463,1072165,33820,TRUE,TRUE,574531280,4.787234043,Spotify
"Machine Gun Kelly","I Think I'm OKAY (with YUNGBLUD & Travis Barker)","Hotel Diablo",album,0.628,0.744,-4.718,0.0379,0.0257,0,0.313,0.277,119.921,2.823283333,"Machine Gun Kelly - I Think I'm OKAY [Official Music Video]",MGKVEVO,111974897,1198821,47830,TRUE,TRUE,426759364,2.376996805,Spotify
"Machine Gun Kelly","maybe (feat. Bring Me The Horizon)","mainstream sellout",album,0.601,0.92,-4.802,0.0505,0.000735,0,0.0998,0.537,88.014,2.835566667,"Machine Gun Kelly - maybe feat. Bring Me The Horizon (Official Music Video)",MGKVEVO,20170299,294321,10253,TRUE,TRUE,90825980,9.218436874,Spotify
"Machine Gun Kelly","Home (with Machine Gun Kelly, X Ambassadors & Bebe Rexha)","Home (with Machine Gun Kelly, X Ambassadors & Bebe Rexha) [From Bright: The Album]",single,0.653,0.718,-5.232,0.213,0.00413,0,0.0537,0.216,82.034,3.380083333,"Machine Gun Kelly, X Ambassadors & Bebe Rexha - Home (from Bright: The Album) [Official Video]","Atlantic Records",206242355,1923118,31427,TRUE,TRUE,382579404,13.37057728,Spotify
"Machine Gun Kelly","forget me too (feat. Halsey)","Tickets To My Downfall",album,0.654,0.875,-4.845,0.0744,0.000417,0.0086,0.194,0.522,99.975,2.86035,"Machine Gun Kelly ft. Halsey - forget me too (Official Music Video)",MGKVEVO,68116200,854345,30673,TRUE,TRUE,254290993,4.510309278,Spotify
"Machine Gun Kelly","bloody valentine","Tickets To My Downfall",album,0.533,0.858,-4.212,0.0766,0.00021,0,0.148,0.506,160.057,3.419316667,"Machine Gun Kelly - Bloody Valentine [Official Video]",MGKVEVO,117833946,1278216,71379,TRUE,TRUE,280845476,5.797297297,Spotify
"Machine Gun Kelly","Bad Things (with Camila Cabello)",bloom,album,0.697,0.691,-4.757,0.146,0.214,0,0.185,0.305,137.853,3.988216667,"Machine Gun Kelly, Camila Cabello - Bad Things (Official Music Video)",MGKVEVO,449712619,3621125,110107,TRUE,TRUE,615784555,3.735135135,Spotify
"Machine Gun Kelly","make up sex (feat. blackbear)","mainstream sellout",album,0.665,0.678,-4.122,0.0315,0.00156,0,0.474,0.682,131.986,2.042833333,"Machine Gun Kelly, blackbear - make up sex ft. blackbear (Official Music Video)",MGKVEVO,15391210,182210,7137,TRUE,TRUE,67878913,1.430379747,Spotify
"Machine Gun Kelly","F*CK YOU, GOODBYE (feat. Machine Gun Kelly)","F*CK LOVE 3+: OVER YOU",album,0.721,0.632,-6.695,0.0358,0.0693,0,0.291,0.296,92.057,2.414333333,"The Kid LAROI - F*CK YOU, GOODBYE (Lyrics) (feat. Machine Gun Kelly)","Vibe Music",35856519,335937,3392,TRUE,TRUE,212221697,2.171821306,Spotify
"Machine Gun Kelly","ay! (feat. Lil Wayne)","mainstream sellout",album,0.742,0.617,-6.689,0.0345,0.05,0.0000592,0.0711,0.491,147.002,2.0698,"Machine Gun Kelly & Lil Wayne - ay! (Official Music Video)",MGKVEVO,19671018,273280,13598,TRUE,TRUE,62736773,8.677918425,Spotify
"Nicky Jam",X,Intimo,album,0.594,0.749,-5.298,0.056,0.0338,0.00106,0.3,0.694,179.968,2.8809,"Nicky Jam x J. Balvin - X (EQUIS) | Video Oficial | Prod. Afro Bros & Jeon",NickyJamTV,2133459242,9883068,262847,TRUE,TRUE,865695837,2.496666667,Youtube
"Nicky Jam","El PerdÃ³n (with Enrique Iglesias)",FÃ©nix,album,0.628,0.69,-5.83,0.0511,0.443,0,0.113,0.66,179.908,3.431783333,"21. El PerdÃ³n - Nicky Jam y Enrique Iglesias  [Official Music Video YTMAs]",NickyJamTV,1381668642,4089045,96876,TRUE,TRUE,765561212,6.10619469,Youtube
"Nicky Jam","Bella y Sensual",Golden,album,0.635,0.713,-6.909,0.0937,0.228,0,0.0506,0.749,179.864,3.411683333,"Romeo Santos, Daddy Yankee, Nicky Jam - Bella y Sensual (Official Video)",RomeoSantosVEVO,736730327,2634233,56053,TRUE,TRUE,418186764,14.09090909,Youtube
"Nicky Jam","Nicky Jam: Bzrp Music Sessions, Vol. 41","Nicky Jam: Bzrp Music Sessions, Vol. 41",single,0.627,0.849,-3.167,0.153,0.0913,0,0.145,0.818,89.907,2.634783333,"Nicky Jam - BZRP (Music Sessions #41)","TV Rajuela Producciones",592005,6740,96,FALSE,FALSE,185931694,5.855172414,Spotify
"Nicky Jam",Cuaderno,Climaxxx,album,0.681,0.648,-5.021,0.38,0.523,0,0.104,0.688,172.02,4.775116667,"Dalex - Cuaderno ft. Nicky Jam, Justin Quiles, Sech, Lenny TavÃ¡rez, Rafa PabÃ¶n, Feid (Video Oficial)",Dalex,321420163,1811446,31069,TRUE,TRUE,350576786,6.230769231,Spotify
"Nicky Jam","En La Cama (feat. Daddy Yankee)",Exitos,album,0.855,0.912,-4.832,0.145,0.183,0,0.122,0.885,104.072,2.61705,"Nicky Jam Ft. Daddy Yankee - En La Cama (Official Video)","Anakin ent",115543124,748538,14194,TRUE,TRUE,136025763,7.475409836,Spotify
"Nicky Jam","Si Te Preguntan...","Si Te Preguntan...",single,0.76,0.803,-2.867,0.0306,0.531,0,0.0555,0.922,136.945,3.7179,"Prince Royce, Nicky Jam, Jay Wheeler - Si Te Preguntan... (Official Video)",PrinceRoyceVEVO,61711565,435031,5375,TRUE,TRUE,37382738,14.46846847,Youtube
"Nicky Jam","Hasta el Amanecer",FÃ©nix,album,0.832,0.608,-6.042,0.0385,0.282,0,0.0761,0.589,94.013,3.311783333,"22. Hasta el Amanecer - Nicky Jam | Video Oficial",NickyJamTV,1546036758,4733493,168819,TRUE,TRUE,479847676,7.989487516,Youtube
"Nicky Jam","Color Esperanza 2020","Color Esperanza 2020",single,0.591,0.785,-7.768,0.161,0.161,0,0.126,0.785,106.002,3.625783333,"Color Esperanza 2020 - Various Artists (Official Video)","Latin Waves",24706293,557112,17598,FALSE,FALSE,89466323,6.23015873,Spotify
"Nicky Jam","Donde Estan las Gatas","Gargolas 3",album,0.827,0.788,-11.937,0.0831,0.246,0,0.0764,0.815,109.933,2.833416667,"Los cangris - Donde estan las gatas ( Daddy Yankee FT. Nicky JAM ) Video Oficial - El ganador","DeeJay Morena",162725,2340,62,FALSE,FALSE,126333112,10.31413613,Spotify
"The Beatles","Here Comes The Sun - Remastered 2009","Abbey Road (Remastered)",album,0.557,0.54,-10.484,0.0347,0.0339,0.00248,0.179,0.394,129.171,3.09555,"The Beatles - Here Comes The Sun (2019 Mix)",TheBeatlesVEVO,114971785,1126554,32910,TRUE,TRUE,942898131,3.016759777,Spotify
"The Beatles","Let It Be - Remastered 2009","Let It Be (Remastered)",album,0.443,0.403,-8.339,0.0322,0.631,0,0.111,0.41,143.462,4.05045,"Let It Be (Remastered 2009)","The Beatles - Topic",131925109,1075941,15452,TRUE,TRUE,526788025,3.630630631,Spotify
"The Beatles","Come Together - Remastered 2009","Abbey Road (Remastered)",album,0.533,0.376,-11.913,0.0393,0.0302,0.248,0.0926,0.187,165.007,4.33245,"Come Together (Remastered 2009)","The Beatles - Topic",31607772,383619,3211,TRUE,TRUE,574936342,4.060475162,Spotify
"The Beatles","Yesterday - Remastered 2009","Help! (Remastered)",album,0.332,0.179,-11.83,0.0326,0.879,0,0.0886,0.315,96.529,2.09445,"Yesterday (Remastered 2009)","The Beatles - Topic",42856675,475089,5938,TRUE,TRUE,475131674,2.020316027,Spotify
"The Beatles","Twist And Shout - Remastered 2009","Please Please Me (Remastered)",album,0.482,0.849,-9.198,0.0452,0.641,0.00000774,0.0414,0.937,124.631,2.587116667,"Twist And Shout (Remastered 2009)","The Beatles - Topic",53228361,490790,4309,TRUE,TRUE,341963190,20.50724638,Spotify
"The Beatles","Blackbird - Remastered 2009","The Beatles (Remastered)",album,0.686,0.127,-14.361,0.0342,0.754,0.0000141,0.0573,0.372,93.699,2.30645,"Blackbird (Remastered 2009)","The Beatles - Topic",33852949,365297,4522,TRUE,TRUE,326733164,2.216404887,Spotify
"The Beatles","In My Life - Remastered 2009","Rubber Soul (Remastered)",album,0.688,0.435,-11.359,0.0323,0.449,0,0.113,0.435,103.239,2.438883333,"In My Life (Remastered 2009)","The Beatles - Topic",63223118,463315,8607,TRUE,TRUE,266426563,3.849557522,Spotify
"The Beatles","Hey Jude - Remastered 2015","1 (Remastered)",album,0.386,0.607,-7.7,0.0261,0.0112,0.0000138,0.088,0.532,147.207,7.094216667,"Hey Jude (Remastered 2015)","The Beatles - Topic",56888766,460662,6569,TRUE,TRUE,486111943,6.897727273,Spotify
"The Beatles","I Want To Hold Your Hand - Remastered 2015","1 (Remastered)",album,0.49,0.715,-5.549,0.0476,0.386,0,0.311,0.866,130.726,2.429116667,"I Want To Hold Your Hand (Remastered 2015)","The Beatles - Topic",28799448,275921,4031,TRUE,TRUE,334903879,2.29903537,Spotify
"The Beatles","Something - Remastered 2009","Abbey Road (Remastered)",album,0.396,0.338,-10.872,0.0304,0.198,0.00000262,0.138,0.377,133.522,3.038216667,"The Beatles - Something",TheBeatlesVEVO,96849734,675186,26651,TRUE,TRUE,233382117,2.449275362,Spotify
Pitbull,"Give Me Everything (feat. Ne-Yo, Afrojack & Nayer)","Planet Pit (Deluxe Version)",album,0.671,0.939,-3.206,0.161,0.191,0,0.298,0.53,129.024,4.205116667,"Pitbull - Give Me Everything ft. Ne-Yo, Afrojack, Nayer",PitbullVEVO,1007596168,4265538,162078,TRUE,TRUE,777641580,3.151006711,Youtube
Pitbull,"Timber (feat. Ke$ha)","Global Warming: Meltdown (Deluxe Version)",album,0.581,0.963,-4.087,0.0981,0.0295,0,0.139,0.788,129.992,3.402666667,"Pitbull - Timber (Official Video) ft. Ke$ha",PitbullVEVO,1405539965,5671596,158456,TRUE,TRUE,1120973873,6.928057554,Youtube
Pitbull,"Time of Our Lives",Globalization,album,0.721,0.802,-5.797,0.0583,0.0921,0,0.694,0.724,124.022,3.822666667,"Pitbull, Ne-Yo - Time Of Our Lives",PitbullVEVO,253293371,1423079,25528,TRUE,TRUE,981156901,1.155619597,Spotify
Pitbull,"Feel This Moment (feat. Christina Aguilera)","Global Warming: Meltdown (Deluxe Version)",album,0.673,0.758,-3.632,0.158,0.039,0,0.341,0.542,135.956,3.825116667,"Pitbull - Feel This Moment (Official Video) ft. Christina Aguilera",PitbullVEVO,704875181,2999847,113202,TRUE,TRUE,481224452,2.2228739,Youtube
Pitbull,"International Love (feat. Chris Brown)","Planet Pit (Deluxe Version)",album,0.67,0.855,-3.035,0.0499,0.0124,0,0.335,0.648,120.05,3.788,"Pitbull - International Love (Official Video) ft. Chris Brown",PitbullVEVO,866480662,2961540,153962,TRUE,TRUE,347393726,2.552238806,Youtube
Pitbull,"Fireball (feat. John Ryan)",Globalization,album,0.761,0.933,-5.38,0.056,0.0908,0.0000853,0.0607,0.836,122.959,3.936666667,"Pitbull - Fireball ft. John Ryan",PitbullVEVO,307624507,1576522,30102,TRUE,TRUE,424022714,15.37067545,Spotify
Pitbull,"We Are One (Ole Ola) [The Official 2014 FIFA World Cup Song] (feat. Jennifer Lopez & Claudia Leitte)",Globalization,album,0.592,0.935,-4.317,0.0581,0.00879,0.0154,0.132,0.567,125.013,3.708666667,"We Are One (Ole Ola) [The Official 2014 FIFA World Cup Song] (Olodum Mix)",PitbullVEVO,894756316,4925915,267026,TRUE,TRUE,222056078,7.083333333,Youtube
Pitbull,"Hotel Room Service","Pitbull Starring In Rebelution",album,0.85,0.631,-8.401,0.227,0.00684,0.000406,0.0679,0.738,126.002,3.96,"Pitbull - Hotel Room Service (Official Video)",PitbullVEVO,313590021,1533812,45324,TRUE,TRUE,374912951,9.293078056,Spotify
Pitbull,"Hey Baby (Drop It to the Floor) (feat. T-Pain)","Planet Pit (Deluxe Version)",album,0.595,0.912,-3.428,0.0884,0.0434,0,0.259,0.762,128.024,3.90755,"Pitbull - Hey Baby (Drop It To The Floor) ft. T-Pain",PitbullVEVO,300032949,1078390,36962,TRUE,TRUE,193172998,3.521235521,Youtube
Pitbull,HOT,LEGENDADDY,album,0.898,0.677,-6.422,0.243,0.0223,0,0.35,0.578,130.027,2.574883333,"Daddy Yankee x Pitbull - Hot (Official Video)","Daddy Yankee",52214351,688783,16459,FALSE,TRUE,52166142,1.934285714,Youtube
"Sean Paul","No Lie","Mad Love The Prequel",album,0.742,0.882,-2.862,0.117,0.0466,0,0.206,0.463,102.04,3.686266667,"Sean Paul - No Lie (Official Music Video) ft. Dua Lipa",SeanPaulVEVO,1120854023,7147862,108564,TRUE,TRUE,851711837,4.281553398,Youtube
"Sean Paul",Temperature,"The Trinity",album,0.951,0.6,-4.675,0.0685,0.106,0,0.0712,0.822,125.04,3.642883333,"Sean Paul - Temperature (Official Video)","Atlantic Records",361314925,2124819,38673,TRUE,TRUE,590578908,8.426966292,Spotify
"Sean Paul","Go Down Deh (feat. Shaggy and Sean Paul)",10,album,0.801,0.764,-5.112,0.0986,0.109,0.0000162,0.247,0.578,89.999,2.569183333,"Spice, Sean Paul, Shaggy - Go Down Deh | Official Music Video",SpiceOfficialVEVO,165860569,2514731,32073,TRUE,TRUE,122450231,3.093117409,Youtube
"Sean Paul","Get Busy","Dutty Rock (20th Anniversary)",album,0.741,0.824,-4.143,0.0352,0.614,0,0.158,0.725,100.216,3.527766667,"Sean Paul - Get Busy/Like Glue (Official Video)","Atlantic Records",208573237,1324227,20700,TRUE,TRUE,381155556,5.215189873,Spotify
"Sean Paul","She Doesn't Mind","Tomahawk Technique",album,0.718,0.776,-5.208,0.0693,0.000624,0.0000053,0.207,0.622,120.015,3.79645,"Sean Paul - She Doesn't Mind (Official Video)","Atlantic Records",505918510,2235710,59894,TRUE,TRUE,266413452,3.748792271,Youtube
"Sean Paul","Give It Up to Me","The Trinity",album,0.855,0.674,-4.328,0.314,0.165,0,0.0548,0.578,95.991,4.03755,"Sean Paul - Give It Up To Me (feat. Keyshia Cole) [Disney Version] (Official Video)","Atlantic Records",306887054,1317175,17399,TRUE,TRUE,49412471,12.29927007,Youtube
"Sean Paul","(When You Gonna) Give It Up to Me (feat. Keyshia Cole) - Radio Version","Only Hits",compilation,0.711,0.761,-3.04,0.225,0.067,0,0.041,0.718,95.824,4.064666667,"Sean Paul - Give It Up To Me (feat. Keyshia Cole) [Disney Version] (Official Video)","Atlantic Records",306887054,1317175,17399,TRUE,TRUE,51339097,18.56097561,Youtube
"Sean Paul","I'm Still in Love with You (feat. Sasha)","Dutty Rock (20th Anniversary)",album,0.765,0.666,-5.384,0.172,0.103,0,0.116,0.757,87.002,4.556,"Sean Paul - I'm Still In Love With You (Official Video)","Atlantic Records",314611933,2018040,29163,TRUE,TRUE,176824685,5.74137931,Youtube
"Sean Paul",UP,UP,single,0.812,0.712,-5.993,0.0452,0.01,0,0.108,0.85,98.029,2.4824,"INNA x Sean Paul - Up (Official Video)",INNA,81787112,668740,12932,TRUE,TRUE,47517159,6.592592593,Youtube
"Sean Paul","Contra La Pared","Contra La Pared",single,0.828,0.588,-7.14,0.118,0.0156,0,0.124,0.598,94.052,3.744683333,"Sean Paul, J Balvin - Contra La Pared",SeanPaulVEVO,256405663,1928933,20224,TRUE,TRUE,336056798,4.741935484,Spotify
"Elvis Presley","Can't Help Falling in Love","Blue Hawaii",album,0.396,0.293,-14.062,0.0275,0.941,0.000196,0.105,0.343,100.307,3.039333333,"Elvis Presley - Can't Help Falling In Love (Official Audio)",ElvisPresleyVEVO,363854960,3486602,125337,TRUE,TRUE,642724292,2.79047619,Spotify
"Elvis Presley","Blue Christmas","Elvis' Christmas Album",album,0.465,0.27,-16.661,0.0425,0.9,0.00104,0.145,0.58,94.518,2.152883333,"Elvis Presley, Martina McBride - Blue Christmas (Official HD Video)",ElvisPresleyVEVO,46348788,209579,7591,TRUE,TRUE,293604060,1.862068966,Spotify
"Elvis Presley","Here Comes Santa Claus (Right Down Santa Claus Lane)","Elvis' Christmas Album",album,0.575,0.236,-16.982,0.0422,0.968,0.0178,0.105,0.829,79.576,1.93045,"Here Comes Santa Claus (Right Down Santa Claus Lane) (Official Lyric Video)",ElvisPresleyVEVO,282465,4533,155,TRUE,TRUE,115786722,2.247619048,Spotify
"Elvis Presley","Suspicious Minds","From Elvis in Memphis",album,0.487,0.382,-10.889,0.0309,0.0422,0.00000474,0.411,0.714,116.557,4.354666667,"Elvis Presley - Suspicious Minds (Official Music Video)",ElvisPresleyVEVO,7484414,84407,1872,TRUE,TRUE,355940570,0.929440389,Spotify
"Elvis Presley","Burning Love","Elvis (Fool)",album,0.66,0.748,-11.206,0.0284,0.0993,0.00585,0.283,0.972,143.549,2.838216667,"Elvis Presley - Burning Love (Official Music Video)",ElvisPresleyVEVO,3649438,17369,811,TRUE,TRUE,217996516,2.643109541,Spotify
"Elvis Presley","Always On My Mind","Elvis (Fool)",album,0.358,0.387,-14.342,0.0324,0.746,0.0121,0.119,0.495,181.183,3.640666667,"Elvis Presley - Always On My Mind","Amelia Hops",12982178,152547,3757,FALSE,FALSE,126445901,3.25210084,Spotify
"Elvis Presley","If I Can Dream","ELVIS (Original Motion Picture Soundtrack)",album,0.325,0.715,-7.744,0.0368,0.00708,0.0000279,0.0987,0.282,93.914,3.197333333,"Elvis Presley - If I Can Dream ('68 Comeback Special)",ElvisPresleyVEVO,43935538,374007,22080,TRUE,TRUE,19601041,7.244174265,Youtube
"Elvis Presley","Jailhouse Rock","Platinum - A Life In Music",album,0.623,0.537,-10.014,0.0726,0.332,0.000014,0.0963,0.905,166.885,2.448883333,"Elvis Presley - Jailhouse Rock (Music Video)",y,242588704,1868278,53891,FALSE,TRUE,362889100,5.576323988,Spotify
"Elvis Presley","In the Ghetto","From Elvis in Memphis",album,0.404,0.266,-16.688,0.0334,0.716,0.133,0.107,0.491,88.916,2.790216667,"Elvis Presley - In The Ghetto (Music Video) (1969)",gaaronpresley,8647838,0,2484,FALSE,FALSE,138978979,2.485981308,Spotify
"Elvis Presley","(You're The) Devil in Disguise","Elvis 30 #1 Hits (Expanded Edition)",album,0.481,0.733,-7.633,0.165,0.573,0.0000117,0.108,0.874,122.903,2.34045,"Elvis Presley - (You're The) Devil In Disguise (Official Animated Video)",ElvisPresleyVEVO,14332854,370274,4350,TRUE,TRUE,107417556,6.787037037,Spotify
2Pac,"Hit 'Em Up - Single Version","Greatest Hits",compilation,0.916,0.844,-3.967,0.236,0.0394,0,0.0778,0.586,95.19,5.21045,"2Pac - Hit 'Em Up (Dirty) (Music Video) HD","Seven Hip-Hop",585712131,4363164,208460,FALSE,FALSE,375955728,10.84832905,Youtube
2Pac,"Ambitionz Az A Ridah","All Eyez On Me",album,0.801,0.91,-6.566,0.225,0.00239,0.000891,0.0737,0.805,87.277,4.639783333,"2pac - Ambitionz Az A Ridah (MUSIC VIDEO)","Makaveli 'G",89682,1301,41,FALSE,FALSE,578493150,12.34735414,Spotify
2Pac,"California Love - Original Version","Greatest Hits",compilation,0.763,0.85,-3.052,0.0417,0.0304,0.00000121,0.371,0.761,91.519,4.74845,"2Pac ft. Dr. Dre - California Love (Official Video) [Full Length Version]","UPROXX Video",84654029,484619,12875,FALSE,FALSE,497213287,2.291105121,Spotify
2Pac,"All Eyez On Me (ft. Big Syke)","All Eyez On Me",album,0.872,0.723,-5.968,0.247,0.0293,0,0.327,0.843,93.279,5.12955,"2Pac - All Eyez On Me Ft. Big Syke (Nozzy-E Remix) (Prod By Beat Brothers) 2019",Nozzy-E,14035099,64269,1918,FALSE,TRUE,428728611,2.211009174,Spotify
2Pac,"Do For Love","R U Still Down? [Remember Me]",album,0.874,0.63,-3.585,0.298,0.0578,0.00479,0.0582,0.717,95,4.693333333,"2pac - Do for Love [Official Video]",pandele18,1276815,24831,820,FALSE,FALSE,213745248,10.82474227,Spotify
2Pac,Changes,"Greatest Hits",compilation,0.865,0.665,-6.289,0.073,0.0453,0,0.224,0.331,111.113,4.48045,"2pac - Changes Original Music Video","The Best",306542,4350,305,FALSE,FALSE,411056377,2.96875,Spotify
2Pac,"Dear Mama","Me Against The World",album,0.773,0.54,-7.123,0.103,0.371,0,0.131,0.322,84.115,4.666666667,"2Pac - Dear Mama",2PacVEVO,381061439,3225481,134343,TRUE,TRUE,243928109,4.122137405,Youtube
2Pac,"Keep Ya Head Up","Strictly 4 My N.I.G.G.A.Z...",album,0.598,0.732,-7.013,0.425,0.144,0,0.508,0.595,172.329,4.375116667,"2Pac - Keep Ya Head Up (from album: "Strictly 4 My N.I.G.G.A.Z..."""","UPROXX Video",5434057,58781,2136,FALSE,FALSE,211103197,1.440944882,Spotify
2Pac,"2 Of Amerikaz Most Wanted (ft. Snoop Doggy Dogg)","All Eyez On Me",album,0.849,0.904,-4.78,0.138,0.0248,0.0000511,0.0545,0.854,99.258,4.108883333,"2 Of Amerikaz Most Wanted (Feat. Snoop Dogg) - Official Music Video",2Pac,18949722,251281,6109,FALSE,TRUE,178709066,16.58715596,Spotify
2Pac,"Can't C Me","All Eyez On Me",album,0.795,0.852,-2.238,0.178,0.0442,0.00000347,0.39,0.673,95.44,5.512666667,"2Pac - Can't C Me (HD Video)",YinonBeatz,1002891,13416,814,FALSE,FALSE,117899041,2.184615385,Spotify
"Snoop Dogg","Bad Decisions (with BTS & Snoop Dogg)","Bad Decisions (with BTS & Snoop Dogg)",single,0.762,0.861,-3.296,0.0955,0.0185,0,0.264,0.955,120.048,2.878566667,"benny blanco, BTS & Snoop Dogg - Bad Decisions (Official Music Video)",bennyblancoVEVO,48725891,2843117,200546,TRUE,TRUE,172373567,3.261363636,Spotify
"Snoop Dogg","Young, Wild & Free (feat. Bruno Mars)","Mac and Devin Go to High School (Music from and Inspired by the Movie)",album,0.553,0.652,-6.685,0.206,0.0897,0,0.111,0.551,94.505,3.455783333,"Snoop Dogg & Wiz Khalifa - Young, Wild and Free ft. Bruno Mars [Official Video]","Wiz Khalifa",726601997,5635352,149004,FALSE,TRUE,1138123751,5.873873874,Spotify
"Snoop Dogg","Drop It Like It's Hot","R&G (Rhythm & Gangsta): The Masterpiece",album,0.888,0.632,-3.872,0.219,0.19,0,0.101,0.662,91.979,4.43445,"Snoop Dogg - Drop It Like It's Hot (Official Music Video) ft. Pharrell Williams",SnoopDoggVEVO,242845147,1854617,50520,TRUE,TRUE,466458137,6.257425743,Spotify
"Snoop Dogg","That's My N**** (with Meek Mill, YG & Snoop Dogg)","That's My N**** (with Meek Mill, YG & Snoop Dogg) [From Bright: The Album]",single,0.723,0.732,-5.514,0.0864,0.11,0,0.484,0.503,104.991,3.329116667,"Meek Mill, YG & Snoop Dogg - That's My N**** (from Bright: The Album) [Official Audio]","Meek Mill",14272788,175218,3211,FALSE,TRUE,248359900,1.512396694,Spotify
"Snoop Dogg","From The D 2 The LBC (with Snoop Dogg)","Curtain Call 2",album,0.718,0.768,-7.87,0.25,0.0988,0,0.0957,0.591,164.038,3.562416667,"Eminem & Snoop Dogg - From The D 2 The LBC [Official Music Video]",EminemVEVO,70515275,2308329,97470,TRUE,TRUE,46192225,8.02507837,Youtube
"Snoop Dogg","Sweat - Remix","Sweat (Snoop Dogg Vs. David Guetta) [Remix]",single,0.813,0.732,-5.636,0.03,0.0597,0.00137,0.0826,0.731,130.02,3.26645,"Snoop Dogg - 'Sweat' Snoop Dogg vs David Guetta (Remix) [Official Video]",SnoopDoggVEVO,237582702,1010443,39623,TRUE,TRUE,222949118,8.861985472,Youtube
"Snoop Dogg",Beautiful,"Paid Tha Cost To Be Da Bo$$",album,0.907,0.695,-6.268,0.135,0.246,0,0.0808,0.961,101.007,4.971783333,"Snoop Dogg - Beautiful (Official Music Video) ft. Pharrell Williams",SnoopDoggVEVO,202432469,1231331,27893,TRUE,TRUE,202521145,8.601485149,Spotify
"Snoop Dogg","I Wanna Fuck You","Sexy Songs 2020",compilation,0.861,0.48,-8.433,0.0512,0.0459,0,0.351,0.278,99.972,2.980666667,"Akon ft Snoop Dogg - I Wanna Fuck You  Official Music Video (HD)",gurra12,31364,373,6,FALSE,FALSE,82111629,1.367521368,Spotify
"Snoop Dogg","QuÃ© MaldiciÃ³n","QuÃ© MaldiciÃ³n",single,0.755,0.531,-8.051,0.196,0.213,0,0.13,0.683,177.951,3.389333333,"BANDA MS FEAT. SNOOP DOGG - QUÃ‰ MALDICIÃ“N (Video Animado)","Lizos Music",84170696,1245805,51496,TRUE,TRUE,124225906,4.084615385,Spotify
"Snoop Dogg","Riders On The Storm - Fredwreck Remix","Riders On The Storm (Fredwreck Remix)",single,0.878,0.786,-5.273,0.152,0.416,0.000031,0.122,0.831,101.984,6.370666667,"Riders On The Storm - Snoop Dogg ft. The Doors",WeipwnsallXD,30994885,369883,12192,FALSE,FALSE,0,6.442622951,Youtube
"Lil Wayne","Love Me","I Am Not A Human Being II (Deluxe)",album,0.669,0.634,-6.476,0.0327,0.0125,0,0.0946,0.496,124.906,4.250883333,"Lil Wayne - Love Me ft. Drake, Future (Explicit) (Official Music Video)",LilWayneVEVO,475532733,2941752,113424,TRUE,TRUE,433564491,6.701902748,Youtube
"Lil Wayne","Sucker for Pain (with Wiz Khalifa, Imagine Dragons, Logic & Ty Dolla $ign feat. X Ambassadors)","Sucker for Pain (with Logic & Ty Dolla $ign feat. X Ambassadors)",single,0.502,0.786,-4.378,0.317,0.255,0,0.65,0.739,169.021,4.058183333,"Lil Wayne, Wiz Khalifa & Imagine Dragons w/ Logic & Ty Dolla $ign ft X Ambassadors - Sucker for Pain","Atlantic Records",788318126,6142541,142101,TRUE,TRUE,1004661276,1.209230769,Spotify
"Lil Wayne",Mirror,"Tha Carter IV (Complete Edition)",album,0.328,0.622,-7.291,0.0866,0.858,0,0.104,0.401,74.267,3.80155,"Lil Wayne - Mirror ft. Bruno Mars (Official Music Video)",LilWayneVEVO,764982505,4833883,288946,TRUE,TRUE,417139141,5.980769231,Youtube
"Lil Wayne",Forever,"Relapse: Refill",album,0.457,0.906,-2.278,0.342,0.249,0,0.182,0.54,104.02,5.961783333,"Drake, Kanye West, Lil Wayne, Eminem - Forever (Explicit Version) (Official Music Video)",DrakeVEVO,351589402,2019702,183018,TRUE,TRUE,461843097,4.978021978,Spotify
"Lil Wayne","6 Foot 7 Foot","Tha Carter IV (Complete Edition)",album,0.364,0.752,-5.429,0.304,0.0007,0,0.318,0.606,79.119,4.143116667,"Lil Wayne - 6 Foot 7 Foot ft. Cory Gunz (Explicit) (Official Music Video)",LilWayneVEVO,180051134,1119672,88673,TRUE,TRUE,404959319,2.364779874,Spotify
"Lil Wayne",Lollipop,"Tha Carter III (MTV Bonus Version)",album,0.832,0.43,-9.39,0.0826,0.0606,0.00323,0.124,0.462,148.074,4.988883333,"Lil Wayne - Lollipop (Official Music Video) ft. Static",LilWayneVEVO,524707468,2641825,97534,TRUE,TRUE,387665450,3.467741935,Youtube
"Lil Wayne","A Milli","Tha Carter III (MTV Bonus Version)",album,0.663,0.688,-8.659,0.283,0.0391,0.00224,0.223,0.731,151.589,3.696883333,"Lil Wayne - A Milli",LilWayneVEVO,11856519,192622,4934,TRUE,TRUE,432215037,3.085201794,Spotify
"Lil Wayne","Scared of the Dark (feat. XXXTENTACION)","Spider-Man: Into the Spider-Verse (Soundtrack From & Inspired by the Motion Picture)",compilation,0.443,0.623,-6.717,0.0718,0.0468,0,0.247,0.156,79.365,3.883333333,"Lil Wayne, XXXTENTACION & Ty Dolla $ign - Scared of the Dark [Traduzione Italiana]",DistrictMusic,7163,256,8,FALSE,FALSE,205327632,2.522267206,Spotify
"Lil Wayne","ay! (feat. Lil Wayne)","mainstream sellout",album,0.742,0.617,-6.689,0.0345,0.05,0.0000592,0.0711,0.491,147.002,2.0698,"Machine Gun Kelly & Lil Wayne - ay! (Official Music Video)",MGKVEVO,19671055,273280,13598,TRUE,TRUE,62736773,8.677918425,Spotify
"Lil Wayne","Right Above It","I Am Not A Human Being",album,0.376,0.841,-4.348,0.356,0.0435,0,0.578,0.463,76.052,4.53245,"Right Above It (Explicit)","Lil Wayne - Topic",46104250,370102,1649,TRUE,TRUE,238468772,1.455017301,Spotify
Sia,Snowman,"Everyday Is Christmas (Deluxe Edition)",album,0.716,0.512,-6.257,0.0331,0.483,0,0.0928,0.326,104.957,2.765116667,"Sia - Snowman [Official Video]",Sia,215540369,4266217,67110,TRUE,TRUE,644668215,5.517241379,Spotify
Sia,Unstoppable,"This Is Acting (Deluxe Version)",album,0.468,0.779,-4.839,0.0779,0.112,0.000373,0.101,0.26,173.799,3.629116667,"Sia - Unstoppable (Official Video - Live from the Nostalgic For The Present Tour)",Sia,151276432,1964768,31983,TRUE,TRUE,731776557,7.712871287,Spotify
Sia,"Dusk Till Dawn (feat. Sia) - Radio Edit","Icarus Falls",album,0.259,0.437,-6.589,0.0386,0.102,0.00000132,0.106,0.0951,180.042,3.983333333,"ZAYN - Dusk Till Dawn (Official Video) ft. Sia",ZaynVEVO,1953769806,14149628,396631,TRUE,TRUE,1378235205,4.122641509,Youtube
Sia,"Cheap Thrills","This Is Acting (Deluxe Version)",album,0.628,0.698,-5.608,0.105,0.0472,0.00143,0.0907,0.732,89.976,3.527783333,"Sia - Cheap Thrills (Official Lyric Video) ft. Sean Paul",SiaVEVO,1788225602,8821956,193866,TRUE,TRUE,1538447140,7.69570011,Youtube
Sia,"Genius (feat. Sia, Diplo, and Labrinth)","LABRINTH, SIA & DIPLO PRESENT... LSD",album,0.603,0.615,-4.931,0.165,0.0799,0.0000672,0.117,0.561,158.657,3.561783333,"LSD - Genius ft. Sia, Diplo, Labrinth",SiaVEVO,331492365,3990442,81179,TRUE,TRUE,411692294,5.256410256,Spotify
Sia,"Elastic Heart","1000 Forms Of Fear (Deluxe Version)",album,0.421,0.791,-4.998,0.0496,0.0117,0.0000148,0.146,0.499,130.075,4.286666667,"Sia - Elastic Heart feat. Shia LaBeouf & Maddie Ziegler (Official Video)",SiaVEVO,1261263786,5191365,295936,TRUE,TRUE,733035056,5.417808219,Youtube
Sia,"Unstoppable - R3HAB Remix","Unstoppable (R3HAB Remix)",single,0.678,0.744,-4.058,0.234,0.495,0.0000235,0.0631,0.433,101.987,2.705883333,"Sia, R3HAB - Unstoppable (R3HAB Remix (Visualizer))",SiaVEVO,1298279,32710,1226,TRUE,TRUE,34819346,11.79080824,Spotify
Sia,"Del Mar",ENOC,album,0.759,0.636,-5.585,0.0369,0.0224,0.000143,0.166,0.536,109.976,3.575116667,"Ozuna x Doja Cat x Sia - Del Mar (Video Oficial)",Ozuna,106746356,988318,29233,TRUE,TRUE,300286185,3.831325301,Spotify
Sia,"Santa's Coming for Us","Everyday Is Christmas (Deluxe Edition)",album,0.547,0.814,-6.191,0.12,0.0215,0,0.0475,0.724,92.986,3.421116667,"Sia - Santa's Coming For Us",SiaVEVO,50685969,494298,22853,TRUE,TRUE,191151662,17.13684211,Spotify
"Fleetwood Mac","Dreams - 2004 Remaster","Rumours (Super Deluxe)",album,0.828,0.492,-9.744,0.0276,0.0644,0.00428,0.128,0.789,120.151,4.296666667,"Fleetwood Mac - Dreams (Official Music Video)","Fleetwood Mac",41698012,476988,18380,TRUE,TRUE,1145814659,3.84375,Spotify
"Fleetwood Mac","The Chain - 2004 Remaster","Rumours (Super Deluxe)",album,0.545,0.67,-8.81,0.0496,0.009,0.000822,0.0451,0.481,151.553,4.50355,"The Chain (2004 Remaster)","Fleetwood Mac - Topic",63168341,618971,1942,TRUE,TRUE,800258505,14.85587583,Spotify
"Fleetwood Mac","Everywhere - 2017 Remaster","Tango In the Night (Deluxe Edition)",album,0.73,0.487,-10.991,0.0303,0.258,0.01,0.0852,0.731,114.965,3.77755,"Fleetwood Mac - Everywhere (Official Music Video)","Fleetwood Mac",53248522,342799,12135,TRUE,TRUE,615384523,5.715962441,Spotify
"Fleetwood Mac","Go Your Own Way - 2004 Remaster",Rumours,album,0.583,0.947,-5.12,0.0378,0.0185,0.00109,0.0679,0.803,135.448,3.726883333,"Fleetwood Mac - Go Your Own Way (Official Music Video)","Fleetwood Mac",5109177,44832,2039,TRUE,TRUE,732367244,13.94698085,Spotify
"Fleetwood Mac",Landslide,"Fleetwood Mac",album,0.414,0.161,-22.32,0.0318,0.883,0.000223,0.117,0.423,159.375,3.324883333,"Fleetwood Mac - Landslide (Official Music Video) [HD]","Fleetwood Mac",76081765,451100,24275,TRUE,TRUE,512338633,1.376068376,Spotify
"Fleetwood Mac","Don't Stop - 2004 Remaster",Rumours,album,0.671,0.71,-7.724,0.0356,0.0393,0.0000112,0.0387,0.834,118.745,3.22245,"Fleetwood Mac - Don't Stop (Official Music Video)","Fleetwood Mac",5410145,42737,1411,TRUE,TRUE,252302426,18.34625323,Spotify
"Fleetwood Mac","Little Lies - 2017 Remaster","Tango In the Night (Deluxe Edition)",album,0.64,0.649,-10.345,0.0264,0.216,0.000083,0.0551,0.865,124.825,3.684216667,"Fleetwood Mac - Little Lies (Official Music Video)","Fleetwood Mac",49292398,385402,15325,TRUE,TRUE,298619427,11.77858439,Spotify
"Fleetwood Mac",Rhiannon,"Fleetwood Mac",album,0.723,0.49,-14.745,0.0296,0.111,0.0946,0.0923,0.795,129.012,4.212883333,"Fleetwood Mac - Rhiannon (Official Music VIdeo)","Fleetwood Mac",8490005,61004,3698,TRUE,TRUE,302893047,5.308775731,Spotify
"Fleetwood Mac",Gypsy,"Greatest Hits",compilation,0.622,0.54,-13.99,0.0261,0.017,0.00771,0.265,0.847,130.879,4.415116667,"Fleetwood Mac - Gypsy (Official Music Video)","Fleetwood Mac",81512369,436530,17764,TRUE,TRUE,213673856,2.037735849,Spotify
"Fleetwood Mac","Never Going Back Again - 2004 Remaster","Rumours (Super Deluxe)",album,0.654,0.336,-12.825,0.0379,0.858,0.385,0.0786,0.947,176.083,2.24,"Never Going Back Again (2004 Remaster)","Fleetwood Mac - Topic",2246595,23628,43,TRUE,TRUE,189357854,4.27480916,Spotify
ABBA,"Dancing Queen",Arrival,album,0.543,0.87,-6.514,0.0428,0.358,0.000939,0.792,0.754,100.804,3.84,"Abba - Dancing Queen (Official Music Video Remastered)",AbbaVEVO,679721429,3253260,125468,TRUE,TRUE,877774503,1.098484848,Spotify
ABBA,"Gimme! Gimme! Gimme! (A Man After Midnight)",Voulez-Vous,album,0.749,0.491,-9.655,0.0403,0.02,0.00899,0.159,0.536,119.528,4.876883333,"ABBA - Gimme! Gimme! Gimme! (A Man After Midnight)",AbbaVEVO,361288115,3156029,67741,TRUE,TRUE,519184335,3.088050314,Spotify
ABBA,"Mamma Mia",Abba,album,0.749,0.748,-7.011,0.0323,0.295,0.000443,0.469,0.827,137.547,3.55445,"Abba - Mamma Mia (Official Music Video)",AbbaVEVO,272724820,1324658,38708,TRUE,TRUE,375576936,1.594882729,Spotify
ABBA,Angeleyes,Voulez-Vous,album,0.719,0.922,-6.091,0.0338,0.523,0.000163,0.0867,0.964,133.113,4.348216667,"ABBA - Angeleyes","Nicolle Inverno",7540645,51162,2172,FALSE,FALSE,135342126,10.6343714,Spotify
ABBA,"The Winner Takes It All","Super Trouper",album,0.454,0.788,-6.748,0.0371,0.574,0.000766,0.0859,0.52,126.15,4.912,"ABBA - The Winner Takes It All (Video)",AbbaVEVO,115380254,512491,22130,TRUE,TRUE,295039369,9.173457509,Spotify
ABBA,"Take A Chance On Me","The Album",album,0.684,0.675,-8.123,0.0257,0.163,0,0.242,0.924,107.064,4.06555,"ABBA - Take A Chance On Me (Official Music Video)",AbbaVEVO,142034489,512716,25315,TRUE,TRUE,250065301,2.789256198,Spotify
ABBA,"Lay All Your Love On Me","Super Trouper",album,0.678,0.727,-7.844,0.0258,0.117,0.00396,0.354,0.71,133.481,4.57445,"Abba - Lay all your love on me - 0riginal Video",LONNIE,2968673,39389,798,FALSE,FALSE,252601051,2.053672316,Spotify
ABBA,Waterloo,Waterloo,album,0.445,0.949,-4.682,0.0471,0.395,0.00000818,0.0902,0.653,147.604,2.816,"Abba - Waterloo (Official Music Video)",AbbaVEVO,77339439,368779,14431,TRUE,TRUE,222521002,10.5210643,Spotify
ABBA,Chiquitita,Voulez-Vous,album,0.5,0.554,-8.108,0.0354,0.734,0.00000372,0.312,0.372,84.229,5.438666667,"Abba - Chiquitita (Official Music Video)",AbbaVEVO,219881780,1203620,48127,TRUE,TRUE,210743145,1.775641026,Youtube
ABBA,"Super Trouper","Super Trouper",album,0.764,0.626,-8.274,0.0288,0.457,0.00000635,0.201,0.961,118.34,4.214216667,"ABBA - Super Trouper (Video)",AbbaVEVO,90572907,375323,15600,TRUE,TRUE,208513838,3.114427861,Spotify
"Frank Sinatra","Let It Snow! Let It Snow! Let It Snow! (with The B. Swanson Quartet)","Christmas Songs by Sinatra",album,0.652,0.259,-13.336,0.0595,0.903,0,0.362,0.836,142.169,2.590883333,"Frank Sinatra - Let It Snow! Let It Snow! Let It Snow! (Official Music Video)",FrankSinatraVEVO,13683856,144902,2105,TRUE,TRUE,471405587,0.715469613,Spotify
"Frank Sinatra","Have Yourself A Merry Little Christmas - Remastered 1999","A Jolly Christmas From Frank Sinatra",album,0.262,0.137,-15.235,0.0344,0.913,0.00000674,0.267,0.288,92.183,3.443333333,"Frank Sinatra - Have Yourself A Merry Little Christmas (Official Video)",FrankSinatraVEVO,6422826,94812,3321,TRUE,TRUE,126469786,0.513108614,Spotify
"Frank Sinatra","Jingle Bells - Remastered 1999","A Jolly Christmas From Frank Sinatra",album,0.512,0.339,-13.119,0.0498,0.727,0,0.0977,0.951,174.609,2.01155,"Frank Sinatra - Jingle Bells",FrankSinatraVEVO,15255986,286935,4977,TRUE,TRUE,177473609,3.469805527,Spotify
"Frank Sinatra","My Way","My Way (Expanded Edition)",album,0.401,0.381,-7.458,0.0274,0.7,0,0.122,0.229,75.454,4.613333333,"Frank Sinatra - My Way (Live At Madison Square Garden, New York City / 1974 / 2019 Edit)",FrankSinatraVEVO,40356494,323576,12901,TRUE,TRUE,329370178,3.12295082,Spotify
"Frank Sinatra","Somethin' Stupid","The World We Knew",album,0.257,0.338,-12.902,0.0357,0.736,0,0.252,0.544,207.356,2.708216667,"Frank and Nancy Sinatra - Somethin' Stupid (1967)","Glen Campbell and Much Much More",420791,5476,190,FALSE,FALSE,182673374,1.341269841,Spotify
"Frank Sinatra","Santa Claus Is Comin' to Town","Christmas Songs by Sinatra",album,0.646,0.204,-11.957,0.0565,0.826,0,0.312,0.688,140.281,2.577333333,"Santa Claus is Coming To Town - Frank Sinatra HQ Christmas",Sands-show,1679701,23726,533,FALSE,FALSE,88041370,0.653846154,Spotify
"Frank Sinatra","Fly Me To The Moon (In Other Words)","Sinatra/Basie: The Complete Reprise Studio Recordings",album,0.668,0.26,-14.256,0.0523,0.453,0,0.0621,0.368,119.416,2.45,"Fly Me To The Moon (2008 Remastered)","Frank Sinatra - Topic",135669950,1746670,20771,TRUE,TRUE,506872698,4.186795491,Spotify
"Frank Sinatra","Strangers In The Night","Strangers In The Night (Expanded Edition)",album,0.259,0.473,-8.275,0.0295,0.592,0,0.201,0.539,90.348,2.631116667,"Frank Sinatra - Strangers In The Night",FrankSinatraVEVO,14266051,131664,3857,TRUE,TRUE,143712745,2.353233831,Spotify
"Frank Sinatra","That's Life","That's Life",album,0.56,0.434,-14.151,0.0729,0.55,0,0.346,0.664,112.803,3.117333333,"Frank Sinatra - That's Life","Georgia Rainbow",45558716,271523,15163,FALSE,FALSE,212972149,1.25433526,Spotify
"Frank Sinatra","Silent Night - 1999 Remaster","A Jolly Christmas From Frank Sinatra",album,0.252,0.118,-17.62,0.0328,0.945,0.000062,0.117,0.14,87.575,2.438216667,"Frank Sinatra - Silent Night (Visualizer)",FrankSinatraVEVO,43026,932,27,TRUE,TRUE,42053170,1.008547009,Spotify
TiÃ«sto,10:35,10:35,single,0.696,0.793,-5.733,0.097,0.0683,0.00000378,0.18,0.698,120.003,2.870883333,"TiÃ«sto - 10:35 (feat. Tate McRae) (Official Music Video)",TiÃ«sto,12850997,137385,2405,TRUE,TRUE,107996524,4.405555556,Spotify
TiÃ«sto,"The Motto","The Motto",single,0.754,0.763,-4.627,0.0435,0.0301,0.0000223,0.0901,0.464,117.953,2.746983333,"TiÃ«sto & Ava Max - The Motto (Official Music Video)",TiÃ«sto,124255684,980422,16264,TRUE,TRUE,547871739,8.468368479,Spotify
TiÃ«sto,"Don't Be Shy","Don't Be Shy",single,0.77,0.787,-3.748,0.0583,0.198,0,0.262,0.513,119.986,2.341666667,"TiÃ«sto & Karol G - Don't Be Shy (Official Music Video)",TiÃ«sto,329901294,2401650,39197,TRUE,TRUE,481307838,3.003816794,Spotify
TiÃ«sto,"Lay Low","Lay Low",single,0.534,0.855,-4.923,0.183,0.0607,0.000263,0.346,0.42,122.06,2.557383333,"TiÃ«sto - Lay Low (Official Visualizer)",TiÃ«sto,2192535,28849,602,TRUE,TRUE,18374300,2.471098266,Spotify
TiÃ«sto,"The Business","The Business",single,0.798,0.62,-7.079,0.232,0.414,0.0192,0.112,0.235,120.031,2.733333333,"TiÃ«sto - The Business (Official Music Video)",TiÃ«sto,236818708,1836947,26791,TRUE,TRUE,980693352,5.535714286,Spotify
TiÃ«sto,"Hot In It","Hot In It",single,0.748,0.841,-5.08,0.177,0.00445,0.00000133,0.0413,0.717,123.045,2.163616667,"TiÃ«sto & Charli XCX - Hot In It [Official Music Video]",TiÃ«sto,5891427,96134,2236,TRUE,TRUE,117679131,20.36319613,Spotify
TiÃ«sto,"Pump It Louder","Pump It Louder",single,0.66,0.942,-2.273,0.185,0.00789,0.0000176,0.834,0.543,126.017,2.64285,"TiÃ«sto & Black Eyed Peas - Pump It Louder (Official Video)",TiÃ«sto,2099152,61252,1238,TRUE,TRUE,27908495,1.129496403,Spotify
TiÃ«sto,"Another Love - TiÃ«sto Remix","Another Love (TiÃ«sto Remix)",single,0.79,0.764,-4.685,0.0737,0.0836,0.0871,0.132,0.473,123.046,3.089433333,"Tom Odell- Another Love (TiÃ«sto Remix)",TiÃ«sto,2182357,31412,416,FALSE,TRUE,38610617,5.787878788,Spotify
TiÃ«sto,"Baila Conmigo","Baila Conmigo",single,0.652,0.855,-6.411,0.0775,0.00658,0.409,0.341,0.0834,127.964,2.4375,"TiÃ«sto - Baila Conmigo (Official Lyric Video)",TiÃ«sto,2087256,32315,693,TRUE,TRUE,32419330,2.507331378,Spotify
TiÃ«sto,"Jackie Chan","The London Sessions",album,0.747,0.833,-2.867,0.045,0.374,0,0.0586,0.687,128.008,3.596,"TiÃ«sto & Dzeko ft. Preme & Post Malone â€“ Jackie Chan (Official Music Video)",TiestoVEVO,52275235,520812,11774,TRUE,TRUE,782756255,14.21501706,Spotify
"Elton John","Cold Heart - PNAU Remix","The Lockdown Sessions",album,0.795,0.8,-6.32,0.0309,0.0354,0.0000725,0.0915,0.934,116.032,3.378916667,"Elton John, Dua Lipa - Cold Heart (PNAU Remix) (Official Video)",EltonJohnVEVO,396909270,2532714,46017,TRUE,TRUE,1357658479,8.743169399,Spotify
"Elton John","I'm Still Standing","Too Low For Zero",album,0.504,0.904,-6.863,0.179,0.356,0.121,0.14,0.772,176.808,3.057333333,"Elton John - I'm Still Standing",EltonJohnVEVO,170453554,1658219,37642,TRUE,TRUE,649281620,6.457142857,Spotify
"Elton John","Hold Me Closer","The Lockdown Sessions",album,0.658,0.783,-4.615,0.113,0.0798,0.00018,0.187,0.491,126.027,3.370766667,"Elton John, Britney Spears - Hold Me Closer (Official Video)",EltonJohnVEVO,15181510,165237,6585,TRUE,TRUE,190102352,4.187165775,Spotify
"Elton John","Rocket Man (I Think It's Going To Be A Long, Long Time)","Honky Chateau",album,0.601,0.532,-9.119,0.0286,0.432,0.00000625,0.0925,0.341,136.571,4.69355,"Elton John - Rocket Man (Official Music Video)",EltonJohnVEVO,129299713,960562,25910,TRUE,TRUE,828968108,5.751351351,Spotify
"Elton John","Your Song","Elton John",album,0.554,0.315,-11.028,0.0298,0.828,0.00000553,0.101,0.325,128.157,4.029783333,"Elton John - Your Song (1970 Original Video) (HD 720p)",NVNCBL,1591571,22237,1137,FALSE,FALSE,654292280,3.118811881,Spotify
"Elton John","Don't Go Breaking My Heart","Rock Of The Westies",album,0.729,0.844,-8.824,0.0344,0.149,0.00000287,0.0604,0.777,131.459,4.590666667,"Elton John - Don't Go Breaking My Heart (with Kiki Dee)",EltonJohnVEVO,87086359,638960,15221,TRUE,TRUE,562468940,13.97350993,Spotify
"Elton John","Tiny Dancer","Madman Across The Water",album,0.414,0.428,-11.097,0.0278,0.382,0.000243,0.148,0.282,145.075,6.284883333,"Elton John - Tiny Dancer (Official Music Video)",EltonJohnVEVO,155579484,650110,18268,TRUE,TRUE,606925181,2.891891892,Spotify
"Elton John","Step Into Christmas","Goodbye Yellow Brick Road (40th Anniversary Celebration / Super Deluxe)",album,0.526,0.925,-5.584,0.0363,0.102,0.0000089,0.305,0.819,140.308,4.5399,"Elton John - Step Into Christmas",EltonJohnVEVO,19096844,47486,2114,TRUE,TRUE,236457156,3.032786885,Spotify
"Elton John","Goodbye Yellow Brick Road - Remastered 2014","Goodbye Yellow Brick Road (Remastered)",album,0.559,0.473,-7.712,0.0279,0.446,0.00141,0.154,0.397,121.227,3.213783333,"Goodbye Yellow Brick Road (Remastered 2014)","Elton John - Topic",17035966,209965,571,TRUE,TRUE,242563343,3.071428571,Spotify
"Elton John","Merry Christmas","Merry Christmas",single,0.594,0.935,-2.018,0.0357,0.243,0.00000236,0.102,0.602,113.99,3.475783333,"Ed Sheeran & Elton John - Merry Christmas [Official Video]","Ed Sheeran",57457813,809894,26363,TRUE,TRUE,133344222,9.166666667,Spotify
JAY-Z,"Ni**as In Paris","Watch The Throne (Deluxe)",album,0.789,0.858,-5.542,0.311,0.127,0,0.349,0.775,140.022,3.65555,"Jay-Z & Kanye West - Ni**as In Paris (Explicit)",KanyeWestVEVO,374189685,2521768,103200,TRUE,TRUE,1054470731,2.458452722,Spotify
JAY-Z,"Empire State Of Mind","The Blueprint 3",album,0.491,0.956,-1.538,0.392,0.0295,0,0.46,0.811,173.585,4.615333333,"JAY-Z - Empire State Of Mind ft. Alicia Keys",JayZVEVO,95231588,833985,11631,TRUE,TRUE,678424384,2.07826087,Spotify
JAY-Z,"Numb / Encore","Numb / Encore: MTV Ultimate Mash-Ups Presents Collision Course",single,0.687,0.793,-4.254,0.166,0.0603,0,0.582,0.751,107.045,3.428883333,"Numb/Encore - Linkin Park ft. Jay Z (Unofficial Music Video)","Neil Collins",47752493,219401,4024,FALSE,FALSE,778880225,1.362542955,Spotify
JAY-Z,"Run This Town","The Blueprint 3",album,0.632,0.924,-1.802,0.29,0.281,0,0.263,0.441,86.844,4.458666667,"Jay z ft Rihanna and Kanye west - Run this town",Kayser926,17001975,138161,5585,FALSE,FALSE,296375103,3.513307985,Spotify
JAY-Z,"No Church In The Wild","Watch The Throne (Deluxe)",album,0.654,0.75,-7.509,0.105,0.246,0.0178,0.167,0.557,92.78,4.541783333,"Jay-Z & Kanye West - No Church In The Wild ft. Frank Ocean, The-Dream",KanyeWestVEVO,106953199,826069,53502,TRUE,TRUE,293182456,4.491017964,Spotify
JAY-Z,04:44,04:44,album,0.261,0.852,-4.965,0.158,0.139,0.0000426,0.477,0.431,177.997,4.74155,"JAY-Z - 4:44",JayZVEVO,25189646,272421,11734,TRUE,TRUE,73726722,1.786163522,Spotify
JAY-Z,"03' Bonnie & Clyde","The Blueprint 2: The Gift & The Curse",album,0.759,0.678,-5.148,0.314,0.23,0,0.15,0.327,89.64,3.426,"JAY-Z - '03 Bonnie & Clyde ft. BeyoncÃ© Knowles",JayZVEVO,22824654,278099,5625,TRUE,TRUE,115228530,4.52,Spotify
JAY-Z,Otis,"Watch The Throne (Deluxe)",album,0.754,0.631,-4.751,0.307,0.552,0,0.5,0.432,94.577,2.970216667,"JAY Z, Kanye West - Otis ft. Otis Redding",KanyeWestVEVO,224971063,1192658,94999,TRUE,TRUE,170592836,1.262,Youtube
JAY-Z,"Gotta Have It","Watch The Throne (Deluxe)",album,0.74,0.574,-6.938,0.245,0.411,0,0.262,0.33,149.762,2.345783333,"Jay-Z x Kanye West "Gotta Have It"" Music Video"","Sebastian Sdaigui",681129,6477,291,FALSE,FALSE,128273029,2.190839695,Spotify
JAY-Z,"Love All (with JAY-Z)","Certified Lover Boy",album,0.73,0.576,-5.442,0.287,0.354,0.0000359,0.15,0.155,92.131,3.807683333,"Drake ft. JAY-Z "Love All"" (Music Video)"",RAPTRAX,7101653,51843,1182,FALSE,FALSE,114490460,3.84,Spotify
"21 Savage","Creepin' (with The Weeknd & 21 Savage)","HEROES & VILLAINS",album,0.715,0.62,-6.005,0.0484,0.417,0,0.0822,0.172,97.95,3.692,"Metro Boomin, The Weeknd, 21 Savage - Creepin' (Visualizer)",MetroBoominVEVO,17011354,325993,5530,TRUE,TRUE,279832635,7.542579075,Spotify
"21 Savage","Rich Flex","Her Loss",album,0.561,0.52,-9.342,0.244,0.0503,0.00000186,0.355,0.424,153.15,3.989333333,"Drake ft. 21 Savage "Rich Flex"" (Music Video)"",RAPTRAX,3926832,54749,2569,FALSE,FALSE,311694937,1.464788732,Spotify
"21 Savage","Jimmy Cooks (feat. 21 Savage)","Honestly, Nevermind",album,0.529,0.673,-4.711,0.175,0.000307,0.00000241,0.093,0.366,165.921,3.639416667,"Drake & 21 Savage - Jimmy Cooks",Drake,12454143,461647,14487,FALSE,TRUE,413205085,7.23655914,Spotify
"21 Savage","Niagara Falls (Foot or 2) [with Travis Scott & 21 Savage]","HEROES & VILLAINS",album,0.671,0.658,-5.567,0.309,0.189,0.0000866,0.147,0.257,87.933,3.455116667,"Metro Boomin, Travis Scott, 21 Savage - Niagara Falls (Foot or 2) (Visualizer)",MetroBoominVEVO,5384334,96598,1286,TRUE,TRUE,81603704,4.476190476,Spotify
"21 Savage","Pussy & Millions (feat. Travis Scott)","Her Loss",album,0.749,0.63,-6.652,0.116,0.0623,0,0.353,0.445,122.03,4.033783333,"21 Savage & Metro Boomin - Glock In My Lap (Official Music Video)","21 Savage",24885008,487517,9641,FALSE,TRUE,119787835,1.78470255,Spotify
"21 Savage","Glock In My Lap","SAVAGE MODE II",album,0.847,0.733,-6.439,0.16,0.00574,0.0000104,0.151,0.202,130.029,3.226516667,"21 Savage & Metro Boomin - Glock In My Lap (Official Music Video)","21 Savage",24885008,487517,9641,FALSE,TRUE,182739405,4.854304636,Spotify
"21 Savage","On BS","Her Loss",album,0.841,0.358,-8.368,0.591,0.0201,0,0.39,0.329,158.014,4.359066667,"21 Savage ft. Drake "On BS"" (Music Video)"","Rap Radio",213119,3427,120,FALSE,FALSE,100595022,0.917948718,Spotify
"21 Savage","Major Distribution","Her Loss",album,0.908,0.546,-10.491,0.323,0.0127,0,0.0707,0.225,131.016,2.8417,"Drake, 21 Savage - Major Distribution (Audio)",DrakeVEVO,7706203,102385,2065,TRUE,TRUE,107919519,7.722772277,Spotify
"21 Savage","Spin Bout U","Her Loss",album,0.773,0.701,-6.386,0.0512,0.01,0,0.163,0.203,129.963,3.576483333,"Drake, 21 Savage "Spin Bout U"" (Music Video)"",RAPTRAX,1111996,8576,154,FALSE,FALSE,87618118,4.300613497,Spotify
"21 Savage","Knife Talk (with 21 Savage ft. Project Pat)","Certified Lover Boy",album,0.849,0.424,-9.579,0.324,0.0635,0,0.0834,0.153,145.887,4.049433333,"Drake - Knife Talk (Official Video) ft. 21 Savage, Project Pat",DrakeVEVO,74244853,796542,26241,TRUE,TRUE,501420741,5.083932854,Spotify
"Kanye West","Bound 2",Yeezus,album,0.367,0.665,-2.821,0.0465,0.145,0,0.113,0.31,148.913,3.819116667,"Kanye West - Bound 2 (Explicit)",KanyeWestVEVO,105206228,1105989,129255,TRUE,TRUE,578115634,5.884955752,Spotify
"Kanye West",Heartless,"808s & Heartbreak",album,0.79,0.647,-5.983,0.136,0.0515,0,0.248,0.654,87.999,3.516666667,"Kanye West - Heartless",KanyeWestVEVO,200458945,1310078,63150,TRUE,TRUE,720756420,2.608870968,Spotify
"Kanye West","Flashing Lights",Graduation,album,0.639,0.628,-7.578,0.0399,0.0381,0,0.386,0.43,90.482,3.95845,"Kanye West - Flashing Lights ft. Dwele",KanyeWestVEVO,123256878,959510,35828,TRUE,TRUE,543286408,1.626943005,Spotify
"Kanye West","Ni**as In Paris","Watch The Throne (Deluxe)",album,0.789,0.858,-5.542,0.311,0.127,0,0.349,0.775,140.022,3.65555,"Jay-Z & Kanye West - Ni**as In Paris (Explicit)",KanyeWestVEVO,374189685,2521768,103200,TRUE,TRUE,1054470731,2.458452722,Spotify
"Kanye West","Father Stretch My Hands Pt. 1","The Life Of Pablo",album,0.724,0.573,-4.113,0.0549,0.118,0,0.538,0.438,113.088,2.265333333,"Father Stretch My Hands Pt. 1","Kanye West - Topic",47207589,587832,6406,TRUE,TRUE,627167330,1.065055762,Spotify
"Kanye West",Stronger,Graduation,album,0.617,0.717,-7.858,0.153,0.00564,0,0.408,0.49,103.992,5.197783333,"Kanye West - Stronger",KanyeWestVEVO,432609094,2878369,156021,TRUE,TRUE,1123296395,1.757352941,Spotify
"Kanye West","I Wonder",Graduation,album,0.542,0.466,-8.665,0.0831,0.141,0.000445,0.125,0.124,191.385,4.057333333,"I Wonder","Kanye West - Topic",13652003,161439,692,TRUE,TRUE,302891517,3.728,Spotify
"Kanye West","Violent Crimes",ye,album,0.669,0.419,-6.724,0.522,0.376,0,0.187,0.0397,109.813,3.588666667,"Kanye West - Violent Crimes (Music Video)","Ray Moore Jr.",343239,10149,398,FALSE,FALSE,335460654,2.240641711,Spotify
"Kanye West",Homecoming,Graduation,album,0.667,0.747,-7.059,0.189,0.337,0,0.115,0.918,86.917,3.39155,"Kanye West - Homecoming",KanyeWestVEVO,101552405,540229,25030,TRUE,TRUE,379099876,6.495652174,Spotify
"Kanye West","Gold Digger","Late Registration",album,0.629,0.696,-5.572,0.348,0.0195,0,0.0554,0.623,93.034,3.46045,"Kanye West - Gold Digger ft. Jamie Foxx",KanyeWestVEVO,323806093,1797312,71502,TRUE,TRUE,853381478,12.5631769,Spotify
"Luis Miguel","Ahora Te Puedes Marchar","Soy Como Quiero Ser",album,0.78,0.877,-3.683,0.0427,0.148,0.00000236,0.0627,0.909,133.263,3.19955,"Luis Miguel - "Ahora te puedes marchar"" (Video Oficial)"","Warner Music MÃ©xico",562212517,2366696,61907,TRUE,TRUE,473691093,13.98724083,Youtube
"Luis Miguel","La Incondicional","Busca Una Mujer",album,0.374,0.727,-4.352,0.0309,0.237,0,0.134,0.283,155.127,4.283783333,"Luis Miguel - "La Incondicional"" (Video Oficial)"","Warner Music MÃ©xico",157325196,604843,20964,TRUE,TRUE,392257514,5.425373134,Spotify
"Luis Miguel","Hasta Que Me Olvides",Aries,album,0.641,0.593,-7.884,0.0264,0.46,0,0.169,0.437,119.828,4.683333333,"Luis Miguel - "Hasta Que Me Olvides"" (VÃ­deo Oficial)"","Luis BibiÃ¡n Oficial",1006758,13068,1056,FALSE,FALSE,303652374,3.50887574,Spotify
"Luis Miguel","La Media Vuelta","Segundo Romance",album,0.631,0.683,-8.788,0.0344,0.291,0,0.0994,0.708,97.959,2.684,"Luis Miguel - "La Media Vuelta"" (Video Oficial)"","Warner Music MÃ©xico",130543675,344687,11739,TRUE,TRUE,229810217,6.871227364,Spotify
"Luis Miguel","Culpable O No - MiÃ©nteme Como Siempre","Busca Una Mujer",album,0.54,0.367,-14.238,0.0277,0.0367,0,0.0433,0.252,70.276,3.954,"Luis Miguel - Culpable o No (MiÃ©nteme Como Siempre) 1988","ManquÃ­n Vintage Videos",375491,4708,234,FALSE,FALSE,268107480,8.475750577,Spotify
"Luis Miguel","Por Debajo De La Mesa",Romances,album,0.401,0.499,-7.643,0.0272,0.217,0,0.149,0.262,144.276,3.068,"Luis Miguel - "Por Debajo de la Mesa"" (Video Oficial)"","Warner Music MÃ©xico",117161559,372824,11354,TRUE,TRUE,235730264,3.348993289,Spotify
"Luis Miguel","Tengo Todo Excepto a Ti","20 AÃ±os",album,0.542,0.665,-8.121,0.0297,0.522,0,0.177,0.417,147.977,4.547116667,"Luis Miguel - "Tengo Todo Excepto A Ti"" (Video Oficial)"","Warner Music MÃ©xico",47486131,183468,7981,TRUE,TRUE,189533009,3.757062147,Spotify
"Luis Miguel","No SÃ© TÃº",Romance,album,0.389,0.443,-8.546,0.0304,0.571,0.00178,0.114,0.0888,76.54,3.830883333,"Luis Miguel - "No SÃ© TÃº"" (Video Oficial)"","Warner Music MÃ©xico",140665690,411448,15387,TRUE,TRUE,172275945,3.885964912,Spotify
"Luis Miguel","La bikina - En vivo",Vivo,album,0.389,0.71,-6.265,0.0351,0.161,0,0.918,0.666,160.397,2.984,"Luis Miguel - "La Bikina"" (Video Oficial)"","Warner Music MÃ©xico",207911622,556658,24537,TRUE,TRUE,106123325,0.773420479,Youtube
"Luis Miguel","Sabor a Mi",Romances,album,0.663,0.579,-6.982,0.0269,0.645,0,0.189,0.48,89.929,3.084,"Luis Miguel - Sabor A Mi (Video Con Letra)","Warner Music MÃ©xico",9656892,62146,758,TRUE,TRUE,127896578,3.063492063,Spotify
BeyoncÃ©,"CUFF IT",RENAISSANCE,album,0.78,0.689,-5.668,0.141,0.0368,0.00000969,0.0698,0.642,115.042,3.756483333,"BeyoncÃ© - CUFF IT (Music Video)","RENAISSANCE CLUB",8893257,135456,2986,FALSE,FALSE,354986175,9.871060172,Spotify
